Ticker,Window,Model,Samples,Accuracy,Accuracy_Std,Precision,Recall,Specificity,F-Score,AUC
AAPL,1,Random Forest,1231,0.6524077548467793,0.08152722598530109,0.6893228946838674,0.7279845693921481,0.49892788129744653,0.7005775401521303,0.6613005610617795
AAPL,1,XGBoost,1231,0.6020111253744116,0.056096957148424616,0.6666723246752708,0.6664456891771242,0.5042843340234645,0.6541336218339658,0.61756689931491
AAPL,1,Gradient Boosting,1231,0.6069451301800467,0.08493255696003942,0.6692681160644209,0.6133586583767545,0.5477508626639062,0.6153742441996134,0.619798715584842
AAPL,1,LightGBM,1231,0.6532174714459695,0.060625389800626046,0.7085373034708253,0.6705094689222364,0.5821904761904761,0.6852858211690037,0.6638115011505682
AAPL,1,CatBoost,1231,0.7132582864290182,0.02659124911419197,0.7912822274543174,0.6865128916539547,0.720096618357488,0.7339312617598424,0.7413715789574997
AAPL,2,Random Forest,1231,0.6207629768605378,0.08590202888013378,0.6514377725184335,0.7124280571744295,0.4405611331432485,0.6732758547885292,0.592294958969029
AAPL,2,XGBoost,1231,0.583358019815016,0.06896926592957195,0.6315774878010989,0.6839154308174306,0.42241287178565523,0.6436445962843177,0.5748648467546069
AAPL,2,Gradient Boosting,1231,0.5906981337019848,0.0775876049204764,0.6443505003669247,0.5917222264718951,0.5385449184982058,0.5941134894069366,0.5876923707741005
AAPL,2,LightGBM,1231,0.5874296435272045,0.06374773283726143,0.6440384533784153,0.5976875349995914,0.5170155934008944,0.6116345330900921,0.6010413703191968
AAPL,2,CatBoost,1231,0.688081366643626,0.021509816654545096,0.7542984387857191,0.6776273258244769,0.6649812290257804,0.7123221703696385,0.7033665840401937
AAPL,5,Random Forest,1231,0.6004180244231592,0.07678518480510649,0.6383499341866514,0.7017162196630001,0.38051086243964727,0.6646802417039431,0.5614621815877103
AAPL,5,XGBoost,1231,0.5874362265889865,0.08708924076610197,0.6363939025119573,0.7028420054993527,0.39373633903466554,0.6558476187984661,0.5776551095385967
AAPL,5,Gradient Boosting,1231,0.5963464007109706,0.07720354390987844,0.6535096816361186,0.6652074130529191,0.4572272146426421,0.6466341882020747,0.5901433907762483
AAPL,5,LightGBM,1231,0.5833942266548172,0.09035301362902298,0.6346226305300714,0.6324681364304661,0.4587418445910069,0.6220327415364746,0.5945836161642647
AAPL,5,CatBoost,1231,0.6191237944768111,0.07640223299483068,0.6791435544685243,0.6324095077454522,0.5442668312247538,0.6539005296515981,0.6354538458636729
AAPL,10,Random Forest,1231,0.5476679503637141,0.12085116686478574,0.5918806773683618,0.7345535775036991,0.20366740178060933,0.6493386218619236,0.4683956985729735
AAPL,10,XGBoost,1231,0.5216615647937856,0.11408344615349848,0.5747959771830435,0.6597403710172846,0.2565101565101565,0.6036206872728658,0.46871930068167444
AAPL,10,Gradient Boosting,1231,0.5322109212994963,0.10076509824388694,0.5947920383634214,0.6397846651730148,0.3271074837112573,0.6103882674875216,0.4834935184565845
AAPL,10,LightGBM,1231,0.5305552812613146,0.09460909862871188,0.6023225613389928,0.6198078784175903,0.3617162711502334,0.6032429626459069,0.5098401324746615
AAPL,10,CatBoost,1231,0.5249432210921299,0.11023673109629524,0.5883383262488916,0.602267590450817,0.3619072751148223,0.5908317334937849,0.5004580532668206
AAPL,15,Random Forest,1231,0.5353971232020014,0.11875765882788122,0.5959529878427157,0.7695102903567985,0.1609410794015033,0.6608478309231832,0.45883045475207573
AAPL,15,XGBoost,1231,0.5378657713702644,0.1091164758369271,0.6035162081643962,0.7287472995487574,0.2480988607303435,0.6443286481197218,0.47170326860095546
AAPL,15,Gradient Boosting,1231,0.5386853625621276,0.10628391809618516,0.6031034008552598,0.7077834288754362,0.26918972142350184,0.6383061721602014,0.476501209954887
AAPL,15,LightGBM,1231,0.5249103057832197,0.11713912306618501,0.5925929771950168,0.7121023917230913,0.24843007549243784,0.6287494639221034,0.4956719530565337
AAPL,15,CatBoost,1231,0.5257430630986473,0.1157284181124537,0.6013781354623119,0.6464316804679908,0.33430250479077905,0.6147740681109082,0.47186768589592243
MSFT,1,Random Forest,1231,0.6434218755143017,0.041936509607118665,0.7020680412201743,0.7148162934314766,0.526286458956766,0.6955141096922884,0.6993295391995195
MSFT,1,XGBoost,1231,0.6133307001086206,0.016532683062915568,0.7012725905673275,0.618390428069425,0.5754557508250759,0.6419337128530105,0.6472559924944871
MSFT,1,Gradient Boosting,1231,0.6222968302557519,0.03410480146927031,0.7069798621014594,0.6061723030675685,0.5916512982836934,0.6349968570719997,0.6757883248542746
MSFT,1,LightGBM,1231,0.6441888022119088,0.023402910555526728,0.7340051594188038,0.6554519903401446,0.6120535239467231,0.6786532884587587,0.7091272041145703
MSFT,1,CatBoost,1231,0.6880813666436258,0.03644940219207596,0.7478194739765189,0.6886026775503414,0.6568004055966922,0.7133801118640704,0.7269445122258291
MSFT,2,Random Forest,1231,0.598686679174484,0.031896528427711096,0.6766500392950873,0.6612863704039859,0.5146158488641659,0.6505139412934674,0.638197193369176
MSFT,2,XGBoost,1231,0.598663638458247,0.03345195491794594,0.698705560872707,0.6105592144430063,0.5779566947088195,0.6297394816261317,0.6215383625838719
MSFT,2,Gradient Boosting,1231,0.5832888976663047,0.04651826109426524,0.6775436871884082,0.5965681589649481,0.560440790748534,0.6120033252583373,0.6392678431438993
MSFT,2,LightGBM,1231,0.5962344886606761,0.044288354317853294,0.7183247385887037,0.5819327066890176,0.6173662969496865,0.6132222493134144,0.6604335256450649
MSFT,2,CatBoost,1231,0.6214377406931965,0.04491932971963727,0.7168919528518167,0.6086112579637721,0.63942183079815,0.6419454031323639,0.6904475968899398
MSFT,5,Random Forest,1231,0.4946775945492249,0.09938354893467571,0.6037529046778833,0.5881540201445598,0.40645005701900594,0.5513914342265023,0.5283065412341619
MSFT,5,XGBoost,1231,0.5036141009183371,0.09718465806302323,0.6300602035272187,0.5172725512760609,0.49766779452596976,0.5218103210146874,0.49139720546327376
MSFT,5,Gradient Boosting,1231,0.514186498140285,0.08411965166651973,0.641652377821975,0.5209105258163358,0.5270446084736612,0.5327544444560439,0.5277728355897299
MSFT,5,LightGBM,1231,0.49874592673052237,0.09419819729522061,0.6235558558250379,0.5346514047417879,0.470460886468601,0.5275790735226853,0.5527421815631685
MSFT,5,CatBoost,1231,0.5231328791020704,0.08036579512354829,0.6664262465210623,0.5100009542524402,0.5818176277285616,0.5243891044119088,0.5838185261936996
MSFT,10,Random Forest,1231,0.4816530068134689,0.1412295738297124,0.5873104585570759,0.613745472064007,0.3371549741230592,0.5470227070130352,0.4436140574445503
MSFT,10,XGBoost,1231,0.4679042822816892,0.14072683762943713,0.5613939824384795,0.44992074333361787,0.4899923079719485,0.45529363852106497,0.47720482416939963
MSFT,10,Gradient Boosting,1231,0.48898982916954675,0.12970829623724814,0.6126091714551356,0.5026839531168055,0.4879609433351179,0.48406197540355367,0.48700784608901876
MSFT,10,LightGBM,1231,0.49309765972153646,0.11973299507846821,0.6351850989876868,0.46896130876153075,0.5469922187411183,0.47660384584382076,0.5098704824961682
MSFT,10,CatBoost,1231,0.46873703959711654,0.13147686211668116,0.6031043723443525,0.3987752804940604,0.5744043566677463,0.42010658183707095,0.47461906235813045
MSFT,15,Random Forest,1231,0.5044764820117836,0.13917844897416923,0.5862871091345225,0.6440917215642006,0.346113070393431,0.5776702717264511,0.4575625235571289
MSFT,15,XGBoost,1231,0.46629801520687275,0.12997332610291454,0.5806211364923369,0.4286986678013453,0.4925735257937166,0.4586365205533863,0.4684430939968232
MSFT,15,Gradient Boosting,1231,0.48908528356538633,0.13252827656133306,0.6243582939813352,0.49826233806218656,0.49206402281011224,0.49902349960713765,0.47762399254042265
MSFT,15,LightGBM,1231,0.47768012902801094,0.12241703758737212,0.6057023391448263,0.4339860894985268,0.5440407582767194,0.44701527073150765,0.48154492524727593
MSFT,15,CatBoost,1231,0.43866890490767263,0.12391578769511513,0.5611228025807277,0.36373568859753647,0.5690647745021733,0.3949316924303146,0.43794586754449194
GOOGL,1,Random Forest,1231,0.5825022217833514,0.06479780644988631,0.6302386020604182,0.7188223836213186,0.4094616490937878,0.6564164367065134,0.618990130332022
GOOGL,1,XGBoost,1231,0.5808630393996247,0.08083200573825211,0.6509820219306386,0.6507625838707963,0.5075438714609051,0.6266048437468601,0.598022758852581
GOOGL,1,Gradient Boosting,1231,0.5930515782890623,0.06381630328721061,0.6391481870450202,0.6826508331382521,0.46053251860934113,0.6471115406858796,0.6002094535894069
GOOGL,1,LightGBM,1231,0.5946841776110069,0.06239175892197985,0.6762828067381639,0.638447351249142,0.5551441337753612,0.6283364711897,0.6332251484495828
GOOGL,1,CatBoost,1231,0.649922649024061,0.03838212325508704,0.7089838755967612,0.6821075728840471,0.6083118902323271,0.6825743501835417,0.6844414988233746
GOOGL,2,Random Forest,1231,0.567858200849215,0.0553014476776605,0.6081732085794516,0.7405617398297751,0.3284937716002515,0.6557601448667731,0.567736872263082
GOOGL,2,XGBoost,1231,0.5337349001020375,0.045407891347127166,0.6223650223570667,0.607363955496095,0.46984657635086957,0.5879942835744473,0.5602510823082041
GOOGL,2,Gradient Boosting,1231,0.5621473947532998,0.048163327759213184,0.6187080121203277,0.6922350672170575,0.3971971519525649,0.6380110705447536,0.5615472235387952
GOOGL,2,LightGBM,1231,0.5410453902109871,0.04875972475348613,0.6178234124865918,0.5837400470347882,0.49139449534759255,0.5856501262008547,0.5649308031755227
GOOGL,2,CatBoost,1231,0.6182219150126723,0.026314923039563315,0.69887796585939,0.6358286927454366,0.5951580733894384,0.6460751628809493,0.6360828050059367
GOOGL,5,Random Forest,1231,0.5199400941377835,0.08167799809728071,0.6045635262913838,0.698777416458282,0.31881270743173595,0.6183503947796246,0.5432472260820016
GOOGL,5,XGBoost,1231,0.5093545307922714,0.06581736116151538,0.6144306642207205,0.6581075980839335,0.3644427631782108,0.5937976254416638,0.5366152838964946
GOOGL,5,Gradient Boosting,1231,0.5077976366808203,0.08572825310467758,0.6045862522834862,0.6273755862498256,0.40701999726487886,0.571999122229537,0.5662813543274006
GOOGL,5,LightGBM,1231,0.49716599190283406,0.07133470675171487,0.6170112922049886,0.6340283367497701,0.3775097310023042,0.5754728304976873,0.5486700328698301
GOOGL,5,CatBoost,1231,0.529712649353214,0.04089564751090074,0.6678662577524804,0.5625206148870787,0.5083450605329369,0.549326569243017,0.5829233739592505
GOOGL,10,Random Forest,1231,0.515121292913334,0.0946240449967809,0.6006831284738656,0.6514471406170812,0.37487396128471157,0.5765687230489798,0.5352836923965489
GOOGL,10,XGBoost,1231,0.498851255719035,0.08378551467824118,0.5987783437439135,0.5986286424691408,0.3994518080270694,0.5456391794053037,0.5040011212866358
GOOGL,10,Gradient Boosting,1231,0.4939962476547842,0.10549982514745314,0.5841757388095099,0.5797826848573284,0.430272902695394,0.5277490608673703,0.5455162406613498
GOOGL,10,LightGBM,1231,0.4939797900003291,0.07946756288730832,0.6020001193956643,0.5897847597084325,0.42123276734815907,0.5375609114836106,0.5179681552780834
GOOGL,10,CatBoost,1231,0.5167604752970607,0.07494875800267466,0.575208134442141,0.5577959979183461,0.5180664268194078,0.5136909971561506,0.5491217749848967
GOOGL,15,Random Forest,1231,0.5313551232678319,0.09336453069832996,0.6488498434869664,0.6540342171894699,0.4211439321852183,0.5664753331161794,0.5150481239161715
GOOGL,15,XGBoost,1231,0.5224021592442646,0.06604722797665433,0.6389183798716472,0.5945933090575422,0.45888584682885014,0.5503150361747475,0.5270860991861441
GOOGL,15,Gradient Boosting,1231,0.5012606563312596,0.06413254517725961,0.60277740531686,0.5910575018031343,0.42270962748127533,0.5546422307115952,0.5194054390165361
GOOGL,15,LightGBM,1231,0.4955959316678187,0.08604041010183361,0.6545896496602478,0.5985035631915099,0.4307573999499466,0.5197496494389425,0.5300207565582739
GOOGL,15,CatBoost,1231,0.5134886935913893,0.06704498628105685,0.653560582177413,0.5778814712462679,0.47969974490252165,0.5189746406270106,0.5424657753228381
NVDA,1,Random Forest,1231,0.6126230209670518,0.09542029084878474,0.6725828437649928,0.7155575232613077,0.45966794829217406,0.6852077185447131,0.6076610250622257
NVDA,1,XGBoost,1231,0.5776439221882098,0.08798011441377443,0.6618885995674345,0.6232499234779528,0.5083710528388062,0.6273842911787475,0.5996016000759654
NVDA,1,Gradient Boosting,1231,0.5939139593825088,0.08130988393458118,0.6821000482160077,0.6053769899647444,0.580918184816561,0.6343418174592708,0.6444948912504789
NVDA,1,LightGBM,1231,0.590731049010895,0.1114521716122549,0.6732780150386237,0.583795405650371,0.5984113184765205,0.6087529364949045,0.6404301744216733
NVDA,1,CatBoost,1231,0.6580560218557652,0.05371992339219975,0.7495115821047624,0.646497830554927,0.6619805758983647,0.6909986084188752,0.6988511891383566
NVDA,2,Random Forest,1231,0.5808597478687337,0.059299473100412864,0.6352179026186988,0.7627728670656995,0.31972774516734165,0.6790969487913484,0.5575933698835264
NVDA,2,XGBoost,1231,0.5337546492873836,0.07968586841883668,0.6303848505694413,0.5883292704816452,0.46581476295923113,0.5839206967327648,0.5671586484442867
NVDA,2,Gradient Boosting,1231,0.5371021362035483,0.10979612715191199,0.6363703136897138,0.5435399233669638,0.5413889800158561,0.5732976941208554,0.571761547716158
NVDA,2,LightGBM,1231,0.5768276225272373,0.07443076103954825,0.676105581512328,0.5771565153093678,0.580926452075677,0.604931609729078,0.605741509119449
NVDA,2,CatBoost,1231,0.6231065468549423,0.06120580530072298,0.7254533494423151,0.6007049753850735,0.6524146498316103,0.6522669581977489,0.6653362383095461
NVDA,5,Random Forest,1231,0.5434416246996479,0.04816785594584489,0.623378186605618,0.724532287055452,0.29217414227349436,0.6503280340829087,0.5028928119802722
NVDA,5,XGBoost,1231,0.4825812185247359,0.0686661623214965,0.5963296838947014,0.6036368900991751,0.35394539521178675,0.5710736393054626,0.47912349438308366
NVDA,5,Gradient Boosting,1231,0.49563213850761983,0.08658554076552474,0.6067057375751398,0.5449711733360384,0.4474729550840239,0.5526281946345717,0.5252892247834413
NVDA,5,LightGBM,1231,0.48104078206773976,0.09263450946105746,0.5798513807865245,0.5541095581234149,0.3917918497171803,0.5511116694627061,0.5043177151573215
NVDA,5,CatBoost,1231,0.5265659458214016,0.12066275270333834,0.6182657397803163,0.5015768608197372,0.5661145130049191,0.5402274409146368,0.5604393881715206
NVDA,10,Random Forest,1231,0.4955663078897995,0.06021842370486819,0.6003538794652176,0.6687126465601174,0.25462469321713094,0.6097969598855885,0.4360421991488459
NVDA,10,XGBoost,1231,0.46068266350679704,0.10211083821426803,0.57729872685957,0.5669936285258225,0.34374419206075374,0.5389529681688338,0.45141201038802786
NVDA,10,Gradient Boosting,1231,0.47291399229781766,0.10837023898854546,0.5989423367207969,0.5584873523806055,0.3716055086938502,0.5371254197928806,0.4813361735649204
NVDA,10,LightGBM,1231,0.45091669135314827,0.10096148312900237,0.5845821407496139,0.5007501826790931,0.4302196858402351,0.49138232202762505,0.45885401988940033
NVDA,10,CatBoost,1231,0.4704420525986636,0.08574654666077268,0.5985779609011534,0.5530866201614598,0.38774130877019347,0.5459279659979801,0.45004637762458416
NVDA,15,Random Forest,1231,0.45820743227675187,0.08435905521746719,0.5566809379690459,0.630719931149379,0.20585190434942388,0.5682292356407791,0.4163288875508847
NVDA,15,XGBoost,1231,0.4719989467101149,0.023514807262913898,0.5716413840291827,0.6215866496848091,0.25050040406471685,0.5792845815333489,0.40462658590779393
NVDA,15,Gradient Boosting,1231,0.44527500740594456,0.10398248840725022,0.5337687474945669,0.5890541421216268,0.2379820707734806,0.5303920245966436,0.38818794626150954
NVDA,15,LightGBM,1231,0.42731641486455346,0.0924097128240402,0.540765049486854,0.4156385901171177,0.500232710120519,0.4084878858746149,0.4167552164599475
NVDA,15,CatBoost,1231,0.4167571837661696,0.07991607758803479,0.539583665211016,0.46896735608392054,0.3649494134566945,0.45483019212859566,0.36140101415409653
META,1,Random Forest,1231,0.6344458707744973,0.05457979006811784,0.6803348985798878,0.7632672939726052,0.465183120824913,0.7077729163230234,0.6537551783738152
META,1,XGBoost,1231,0.550834403080873,0.04381957529290559,0.6687150930317165,0.5505474505188954,0.5766861552782272,0.5820824299561157,0.5840731514629274
META,1,Gradient Boosting,1231,0.5671603963003192,0.10438186160134574,0.7081270683167868,0.560718601945044,0.630233970026534,0.5647401623644849,0.6360866724229963
META,1,LightGBM,1231,0.6142062473256311,0.07516121426962258,0.6862165045707249,0.6402846858072444,0.5538567485821496,0.6509798114875405,0.637441312204616
META,1,CatBoost,1231,0.6491096408939798,0.051042376059130444,0.7193178881039884,0.6712418939332132,0.6124626668367787,0.687357181239415,0.6766129826342476
META,2,Random Forest,1231,0.5825022217833515,0.07162918853597547,0.6485823916852982,0.6913641374006665,0.4400416578395035,0.6502429982476589,0.6056272021635906
META,2,XGBoost,1231,0.5110562522629275,0.06203448940264866,0.6327546965687941,0.5278259563074995,0.5292127846432402,0.5324800475293481,0.5550353054073589
META,2,Gradient Boosting,1231,0.4948158388466476,0.059981072602553843,0.6300769704433498,0.49451837135777155,0.5529295189795158,0.5029195047684681,0.5565971435350031
META,2,LightGBM,1231,0.5630854810572397,0.1078054021024146,0.6654287809020254,0.5538306844398873,0.5772370570019851,0.5612502623999682,0.6055511431316704
META,2,CatBoost,1231,0.5971429511865969,0.06367411728992196,0.6807965338217216,0.6101360050129596,0.5711888038687895,0.628744942940006,0.6084807048129411
META,5,Random Forest,1231,0.5118067213060794,0.04576832527089946,0.6336540165102085,0.6179107415736469,0.3848701949507568,0.5824522424704798,0.5164323947784261
META,5,XGBoost,1231,0.4956058062604917,0.05748677217760204,0.6617149259830628,0.49990979185874007,0.5262509713656172,0.507058005351088,0.5087376363912852
META,5,Gradient Boosting,1231,0.45251966689707385,0.029045482060737846,0.6421393101567243,0.4739051351803324,0.507330582459688,0.469583583484474,0.4911318220547377
META,5,LightGBM,1231,0.46955333925808895,0.015795806055413846,0.6605465225891655,0.46702916678705464,0.5348174448670214,0.4852790849835705,0.5119082895891445
META,5,CatBoost,1231,0.4590500641848524,0.06620699931120823,0.6314630779848172,0.41732142164000186,0.5484755434455909,0.425177276517042,0.510038774652136
META,10,Random Forest,1231,0.5053487376979032,0.07461361407937618,0.6267350968817664,0.603343877541987,0.37533641270260804,0.5605055861129568,0.4862153059155621
META,10,XGBoost,1231,0.5159441756360883,0.11402736853545103,0.6614153496329005,0.5277337748766683,0.4855468292775019,0.5123119595266096,0.5091012871137224
META,10,Gradient Boosting,1231,0.4517264079523386,0.055577258248206134,0.5836105696581023,0.4205089529384439,0.4923544798739724,0.430031696412157,0.4675164768922224
META,10,LightGBM,1231,0.5021263289555973,0.09645919778084125,0.6082606098384499,0.5086671273305589,0.4957072165899971,0.5105305148639213,0.5167904748024625
META,10,CatBoost,1231,0.48506303281656293,0.08660964434866969,0.5960652808975295,0.461308786550532,0.5424171999974827,0.45587430815528196,0.5147351579813082
META,15,Random Forest,1231,0.5142984101905796,0.11964836325858573,0.690105738833999,0.6108841197811821,0.4030283944785598,0.562008728103302,0.46274042890227535
META,15,XGBoost,1231,0.48180770876534673,0.12325309363038155,0.6919107040849303,0.4894119724316763,0.48354673327512254,0.48356974591958357,0.44935341911348037
META,15,Gradient Boosting,1231,0.4379019782100655,0.04151198767367862,0.6585098130057843,0.4009927866298179,0.5913703640085313,0.42816101715503674,0.4772320817580692
META,15,LightGBM,1231,0.47367104440275176,0.09554028170715309,0.6910878520761423,0.4622821431414696,0.5438341850245487,0.4681020757777383,0.470491490033484
META,15,CatBoost,1231,0.4517132418287746,0.07384684052926238,0.6844684733124645,0.41564103745152225,0.5389583124585486,0.43069054196277295,0.4447683047980089
TSLA,1,Random Forest,1231,0.6670320265955696,0.06360448924423309,0.6729322541798393,0.6886035414155606,0.5899909065479774,0.6727314525127847,0.7288474532700244
TSLA,1,XGBoost,1231,0.6670221520028965,0.0577011322966943,0.6803142895655658,0.6994184156099261,0.5865919273868088,0.6774523178872395,0.7201113152664929
TSLA,1,Gradient Boosting,1231,0.6556466212435403,0.05515627516685361,0.6769347677074625,0.6743781596265984,0.5750483468532537,0.658651875028702,0.7025496657613894
TSLA,1,LightGBM,1231,0.6605246700240281,0.058112866149339144,0.6732978911127404,0.69216682205912,0.5794794542347317,0.6706114643736943,0.7218523790910902
TSLA,1,CatBoost,1231,0.6994963957736744,0.04833445104616201,0.7085332112910813,0.6857537587495051,0.6668616503758792,0.6918551735258743,0.7672909074658824
TSLA,2,Random Forest,1231,0.6410552648036603,0.07842344155203668,0.6500979145677828,0.6818997845843268,0.5347122675115553,0.6562318124769568,0.6979364737661509
TSLA,2,XGBoost,1231,0.6369474342516704,0.05949449087410974,0.6456506619115314,0.6567579982461391,0.5516371031706377,0.6427965546483531,0.677580776796953
TSLA,2,Gradient Boosting,1231,0.6418518152792865,0.0679362968788886,0.6612838599772543,0.6192617411478506,0.5884003245696634,0.6265028647367725,0.6797384242449654
TSLA,2,LightGBM,1231,0.6531977222606234,0.06676168022667389,0.6743248900085833,0.6591560552043129,0.5788691265777156,0.6482191610918286,0.6962859942083982
TSLA,2,CatBoost,1231,0.662963694414272,0.07027019988492075,0.6803162273731894,0.6386325133674677,0.6282658791936001,0.6510056809088487,0.7322351756273578
TSLA,5,Random Forest,1231,0.6394226654817156,0.08124884124722669,0.6430389734609332,0.701506500143835,0.503223852751803,0.6600521357667775,0.6297382998032889
TSLA,5,XGBoost,1231,0.6149962147394754,0.053294534133925854,0.6367715739180321,0.6219357157572829,0.5402918268756778,0.6140969258445693,0.6072516465782364
TSLA,5,Gradient Boosting,1231,0.6239623448866067,0.08577647491199959,0.6490986202383037,0.6111275281130948,0.5571778945691989,0.605852835934883,0.6255761261837176
TSLA,5,LightGBM,1231,0.6231657944109805,0.09582034332595775,0.6380039987049031,0.6349294986952512,0.5339739646137162,0.6107893041750102,0.639688760153543
TSLA,5,CatBoost,1231,0.6182943286922747,0.08718692828676014,0.6450670744297504,0.569839634488394,0.5795732259458968,0.5838996387209788,0.6641388209600987
TSLA,10,Random Forest,1231,0.5841578618215332,0.09158734748401111,0.5823491741578231,0.6577456606992925,0.3994697191490522,0.6073869786823187,0.5578334424824951
TSLA,10,XGBoost,1231,0.548385504097956,0.09925300554445504,0.551499220298964,0.5636865106946456,0.4665342501121935,0.5420301018530826,0.5193359535319944
TSLA,10,Gradient Boosting,1231,0.5784964286889833,0.11778217202496036,0.5797897803603818,0.5863172433733868,0.4794701701975992,0.56338521602904,0.5516493776441255
TSLA,10,LightGBM,1231,0.5744280965076858,0.1044332098118379,0.5819581698853248,0.5770971204248786,0.47688339725182455,0.5568425847785555,0.5517320402241412
TSLA,10,CatBoost,1231,0.5874461011816596,0.12703204600005769,0.60145192983919,0.5093151343910284,0.5545548290660153,0.5151151046603699,0.5662285198838292
TSLA,15,Random Forest,1231,0.5557223264540337,0.09937368422486516,0.5227811263541101,0.5306997288710817,0.4596536223006812,0.5183658690134595,0.5032839132986704
TSLA,15,XGBoost,1231,0.5215726934597281,0.12031217175409575,0.47901656187277525,0.4736111416240119,0.45575049839755727,0.4702085344890599,0.4433821995311211
TSLA,15,Gradient Boosting,1231,0.5654586748296633,0.13351223243859583,0.4851420216358896,0.5272388797350187,0.47132307632307635,0.4956588040819769,0.47969040809530317
TSLA,15,LightGBM,1231,0.5662683914288535,0.12499480477211644,0.5002667291907142,0.525186906937715,0.4786517829900183,0.49967945298356503,0.5062573617997715
TSLA,15,CatBoost,1231,0.5834238504328363,0.15636750094412707,0.5603791760448387,0.42666341251970097,0.5939087875117287,0.4189084427301955,0.523014055124867
F,1,Random Forest,1231,0.6296007373029197,0.04251493028670936,0.6993687538903209,0.5035822644422374,0.7495413706562626,0.5712765551615452,0.6725181988894898
F,1,XGBoost,1231,0.606056416839472,0.06608857445227011,0.6557051523706179,0.48442092312503926,0.7200125946553484,0.5516961735613493,0.6660543848869512
F,1,Gradient Boosting,1231,0.6287910207037293,0.05733240208740869,0.6761099708844446,0.5274091083858008,0.7139827573204165,0.5884431276964885,0.6746709534260331
F,1,LightGBM,1231,0.6206872716500444,0.060090410434450695,0.6873158779938441,0.509452160217488,0.7181318763938742,0.5736852732158746,0.6731757929102482
F,1,CatBoost,1231,0.6775583423850432,0.06351270354524036,0.7429226714407499,0.5491444241734404,0.7880606869213805,0.6259839227759642,0.7159344846519209
F,2,Random Forest,1231,0.6084855666370428,0.035587512931425695,0.6574039098092974,0.4842701770834433,0.7176248096290493,0.5448673581189252,0.6412244194385897
F,2,XGBoost,1231,0.5767716665020901,0.07771359250523188,0.6098532264321739,0.44742170575137113,0.6983880294358957,0.5113549026122525,0.6066444068567795
F,2,Gradient Boosting,1231,0.6157730160297554,0.03990376888827344,0.6755574120821759,0.48192872601571646,0.7460128837362494,0.5493519944276055,0.6499451113443623
F,2,LightGBM,1231,0.5962970277476054,0.07473303599617935,0.6618606745367309,0.4443280325774567,0.7241480363904614,0.5186549812086049,0.6417940798940511
F,2,CatBoost,1231,0.6466936572199731,0.05842418616695624,0.6946859394506867,0.5168823976685013,0.7622705491707168,0.5911512768284962,0.6816769272657486
F,5,Random Forest,1231,0.5792271485467891,0.06246713858561672,0.647984132716527,0.44666458148409316,0.7109316180467704,0.49424718123954536,0.6250690821817949
F,5,XGBoost,1231,0.5808597478687336,0.08251132627395155,0.6412880650604549,0.3932284593755807,0.7568860543362145,0.47181238967039496,0.638922929214649
F,5,Gradient Boosting,1231,0.5662650998979626,0.04804953141984907,0.6081898643355497,0.4375450338387424,0.6988049578120991,0.4872227742533477,0.6370340088291536
F,5,LightGBM,1231,0.5873440637240381,0.06636536080624356,0.6508353077049993,0.42028537660533666,0.7448336346178224,0.48895077516854857,0.6434625586018828
F,5,CatBoost,1231,0.614183206609394,0.056174047692630395,0.6739215686274509,0.45043673201877976,0.7561858552301903,0.5293051366714108,0.6645823665395078
F,10,Random Forest,1231,0.5654948816694645,0.07677677142282864,0.5705995521832696,0.43929195586453645,0.6813328188970004,0.4940114951443757,0.5722188709878716
F,10,XGBoost,1231,0.5597807840426582,0.06638480369983767,0.5603241512629291,0.47128695410953475,0.64917492020102,0.5058855233552652,0.5951193545375922
F,10,Gradient Boosting,1231,0.5557420756393799,0.0757481549378725,0.5684524824768727,0.4394396555384459,0.6740969878075731,0.48680078025722356,0.6006728261342813
F,10,LightGBM,1231,0.5711596063329055,0.06811187340668648,0.5812567969977364,0.45578038016546085,0.6858530936569559,0.5052164344607734,0.6208148342667207
F,10,CatBoost,1231,0.5898917086336855,0.08468654386048935,0.6048770656561054,0.47184677608064707,0.6805472405848617,0.5201767613459387,0.6342660341251175
F,15,Random Forest,1231,0.5987426351996314,0.08579053552618404,0.6244487048115179,0.5180900196359642,0.6698520480411649,0.5455104336010151,0.5938874885205909
F,15,XGBoost,1231,0.5914584773378098,0.09941090097789142,0.6029443254178098,0.5326624591422148,0.6318508728856632,0.5580899495995222,0.6021771078192145
F,15,Gradient Boosting,1231,0.586593594680886,0.08335451447211814,0.5899482993197279,0.4986587970419623,0.6513980592704945,0.5288126863750782,0.5911196071757525
F,15,LightGBM,1231,0.5817023797768341,0.08956800170738051,0.5818320138980517,0.5271813245548207,0.6178067323696226,0.5353576577563572,0.6268659729374984
F,15,CatBoost,1231,0.5995753925150588,0.050145091570057386,0.6284016911557655,0.449171117412682,0.7039998063191641,0.5074441918753592,0.6189817960398779
GM,1,Random Forest,1231,0.6645370461801784,0.05419292113143922,0.7070990604176187,0.6841361615919158,0.6223938404686038,0.682208744681825,0.7174559486899349
GM,1,XGBoost,1231,0.6214772390638886,0.03693446070313503,0.677151911562705,0.6025602167851758,0.6181046544993155,0.6081827755519311,0.6772548276322687
GM,1,Gradient Boosting,1231,0.6433988347980646,0.05697432075391105,0.6906649850825014,0.6481154747495125,0.5884772726420644,0.6346131739784536,0.7082674878734555
GM,1,LightGBM,1231,0.6377604423817518,0.06090598597772033,0.6968780108780108,0.6301532358445779,0.6174992418071514,0.6427096162060988,0.6863515226744525
GM,1,CatBoost,1231,0.6499160659622791,0.043765307238385544,0.721941950483753,0.585702310843533,0.6953980093326019,0.6337012590023731,0.7195487344175512
GM,2,Random Forest,1231,0.6572594713801388,0.06320603758505354,0.702144502252319,0.6675659734232646,0.6218108927664062,0.6692828541166137,0.6966048062374061
GM,2,XGBoost,1231,0.6174516967841743,0.05512905546900488,0.6816578458367187,0.6191722297966256,0.5847686652920416,0.6202042875578399,0.6642172542674917
GM,2,Gradient Boosting,1231,0.6133175339850565,0.0459126222831011,0.6606808352913537,0.6152640266062628,0.5628564183337124,0.6001579018624261,0.6578418367725052
GM,2,LightGBM,1231,0.6312728349955565,0.06150015581645595,0.6984559732094718,0.6030859717856245,0.6312858264898324,0.6192237336835472,0.6752971782895936
GM,2,CatBoost,1231,0.6312596688719923,0.0588745353360449,0.6998123328325503,0.5676172351192939,0.673927798936431,0.6090071018342191,0.6906695899767986
GM,5,Random Forest,1231,0.616645271715875,0.06993687074956549,0.6363121321497283,0.661028822392941,0.5196027804500642,0.6260672091652537,0.6500248338478247
GM,5,XGBoost,1231,0.5751489417728186,0.05304125032817909,0.5891675081929783,0.5804345354065472,0.5118643779727197,0.5383846345803951,0.6320265998492192
GM,5,Gradient Boosting,1231,0.6117540568118232,0.06916417395788473,0.5258669523199087,0.625747679258407,0.5147621815962654,0.5512795083704175,0.6209748623103589
GM,5,LightGBM,1231,0.6125604818801225,0.057927628304758554,0.6914869449062634,0.6278285447555412,0.5285852428375104,0.5817477776234949,0.6426414344767893
GM,5,CatBoost,1231,0.5938777525427076,0.06532327077387975,0.5757622187740588,0.6035824697935468,0.5232093183953417,0.5626804504382845,0.6302550295013157
GM,10,Random Forest,1231,0.602843882689839,0.07869608792814091,0.6291923657284735,0.609865193201911,0.5526786942449506,0.5729311880052277,0.6386923246129954
GM,10,XGBoost,1231,0.6149435502452191,0.09322202315093564,0.6381976899755841,0.6268830469625849,0.5543701832603427,0.5823079650702784,0.6395298576588809
GM,10,Gradient Boosting,1231,0.5922714854678911,0.1038943200668772,0.6403717948717949,0.5338674863147618,0.6354020802942566,0.5121659027651211,0.6500759626895454
GM,10,LightGBM,1231,0.6093051578289063,0.1065733524875605,0.6265280698587644,0.6054397014662332,0.5608426089177209,0.5642858610907977,0.6060962591848775
GM,10,CatBoost,1231,0.597165991902834,0.08195718059712091,0.6438334685120543,0.6243374713566486,0.5209622135187365,0.5603591279860927,0.5989146236911216
GM,15,Random Forest,1231,0.5711135249004312,0.08942365131507476,0.6026298904278444,0.5371990854572354,0.6059935633162221,0.5247074879269351,0.6370529402366907
GM,15,XGBoost,1231,0.6011026628484908,0.05908084720340814,0.6191405791266126,0.5940507306963282,0.5744175299363212,0.5586322875524754,0.6342967492274687
GM,15,Gradient Boosting,1231,0.6011257035647279,0.09483627245134714,0.6286950597423754,0.6154477509518805,0.5818169171721317,0.55417687399397,0.6494354695911175
GM,15,LightGBM,1231,0.6133010763306014,0.09286410552045295,0.6429216535098888,0.6497534753440297,0.5406648791211389,0.5745188079625317,0.6468782234503153
GM,15,CatBoost,1231,0.5995391856752575,0.08850355113743667,0.694366501606018,0.6079083451297373,0.5454266910016039,0.540261922403515,0.5903713185016604
TM,1,Random Forest,1231,0.5832856061354136,0.06442049903091064,0.5971600906920956,0.5619961324463577,0.6182624415242483,0.5624607038615308,0.6036506909533879
TM,1,XGBoost,1231,0.5735624238833481,0.040678681714811246,0.57820806706521,0.5392887246202395,0.614880380356849,0.5385520368455775,0.5847287601338456
TM,1,Gradient Boosting,1231,0.5654356341134261,0.07419244318210423,0.6123438767927205,0.5094467588437925,0.6326613930745905,0.49920428712179865,0.602259934971648
TM,1,LightGBM,1231,0.5743425167045193,0.039797927634609806,0.5828584178584179,0.5529963729498089,0.6073713611822876,0.5523122495893567,0.6074189830278016
TM,1,CatBoost,1231,0.584875415555775,0.05714986650196429,0.6015440298091006,0.553396010001298,0.6067673429088601,0.5629353174698413,0.636577791871364
TM,2,Random Forest,1231,0.5458839406207827,0.04033520171944935,0.6061109523689897,0.5303161490988291,0.5780517232532263,0.5072577931036307,0.5696139021027833
TM,2,XGBoost,1231,0.5239919686646258,0.025322954752086162,0.5224320612765031,0.49442497848683314,0.5547060203333178,0.49220704850357644,0.5251595279861503
TM,2,Gradient Boosting,1231,0.527224251999605,0.06483429788165326,0.6015269823527492,0.49442020518784136,0.5702318495479711,0.46210779600103075,0.5502570722431352
TM,2,LightGBM,1231,0.5215167374345808,0.03956187717997944,0.5539926576691283,0.4820167515142556,0.5775118078679204,0.46977049230586393,0.5581462411658464
TM,2,CatBoost,1231,0.5824495572890951,0.06264904640767871,0.6051399780559997,0.5305646504450223,0.6307854244281674,0.5531331853353368,0.5954353809294906
TM,5,Random Forest,1231,0.49954906026793056,0.06278391130896398,0.5500301445651397,0.48482784816310165,0.5429808429080412,0.46028823543330394,0.49927832538602346
TM,5,XGBoost,1231,0.4719265330305126,0.05203652943361323,0.4898902273113769,0.46409548912429105,0.5126658061375252,0.44642953589071244,0.46444406339739086
TM,5,Gradient Boosting,1231,0.4922352786280899,0.03910664430152903,0.5857710783943403,0.4686406367569962,0.5322764675985191,0.44316974408135146,0.5174614577656022
TM,5,LightGBM,1231,0.48167604752970605,0.04871012066801786,0.5405341159509834,0.44189955270024395,0.5426482005011761,0.4264626978096323,0.4877536027076846
TM,5,CatBoost,1231,0.5036075178565551,0.057985514751380314,0.5283416759531169,0.5396694127684911,0.48441959133932766,0.5109997568151976,0.5037562240154971
TM,10,Random Forest,1231,0.45074224021592435,0.08669801955587675,0.5165212602810845,0.40296711164219234,0.5098154460852602,0.380252916677288,0.44322046983648616
TM,10,XGBoost,1231,0.4402093413646687,0.06873787662093364,0.4233906289788643,0.39586395906642907,0.5133568656689113,0.3415969126715258,0.4561257815886875
TM,10,Gradient Boosting,1231,0.46214410322240873,0.0631506544291275,0.5737698999284498,0.436974684213269,0.506425261137268,0.3742170014423215,0.45572026908233054
TM,10,LightGBM,1231,0.4548303215825681,0.07187647325429931,0.5582309582309583,0.41408416531347847,0.5066735972960353,0.354831811181857,0.4419786592974411
TM,10,CatBoost,1231,0.42964023567361187,0.08086137097404289,0.43976125127636295,0.4918057341636242,0.3701648720984174,0.4270671093379435,0.43986515196317777
TM,15,Random Forest,1231,0.4759454922484447,0.07752270239308874,0.5198238022788568,0.4628750010572345,0.49436166079002886,0.4230776117552377,0.44597957243689496
TM,15,XGBoost,1231,0.4800236990224153,0.06862650522709467,0.5153106545316707,0.45255863950842823,0.5187024503232485,0.4068029941884837,0.4607922057765267
TM,15,Gradient Boosting,1231,0.46539942727362493,0.05961357795908324,0.39833111482575223,0.3934110242064398,0.5595810176627688,0.34845622928607173,0.44969177432192325
TM,15,LightGBM,1231,0.4743622658898654,0.05581945686960063,0.4501751566154377,0.41893760625206156,0.5491205071389675,0.3721336369695406,0.4725330308373879
TM,15,CatBoost,1231,0.4410815970507883,0.0679342568375321,0.43830766199662846,0.48011426589869155,0.41623189234114194,0.4204527534472355,0.4299000374556772
HMC,1,Random Forest,1231,0.5612323491655969,0.10198355231542312,0.6035059397042212,0.5378478780891605,0.588712106484685,0.5453968253968253,0.5952219755946311
HMC,1,XGBoost,1231,0.555577499094829,0.07353129503226931,0.5928862918779971,0.5351411879853518,0.5785322243291897,0.513572606235827,0.6000659096412472
HMC,1,Gradient Boosting,1231,0.5783186860208683,0.06848990744570448,0.5912284385610816,0.6494566976812874,0.4983599321130187,0.5856525673380665,0.6054375564099599
HMC,1,LightGBM,1231,0.5799249530956848,0.08231355564313331,0.6230550265535371,0.6163968571189512,0.5367392181126911,0.5725802209571011,0.6204363192232597
HMC,1,CatBoost,1231,0.6099832131924557,0.07901559576628897,0.6214119662397479,0.6243666457510038,0.5883948203668498,0.6084076107329744,0.6503186962893255
HMC,2,Random Forest,1231,0.5474145024851058,0.09920710417139565,0.5869094711838141,0.5136447756294984,0.5841753474595579,0.5237460327386585,0.5634510942312796
HMC,2,XGBoost,1231,0.5482801751094434,0.05792875140604446,0.559408552674123,0.5343235578785089,0.5606696762567577,0.5195565735825933,0.5616324041184679
HMC,2,Gradient Boosting,1231,0.5588064908989171,0.08249027666016492,0.5874799712525209,0.5602213083552179,0.5510658029370947,0.5428435386748717,0.5798250727082249
HMC,2,LightGBM,1231,0.5742075639379876,0.10146528723671852,0.6166057635559049,0.5828978381906499,0.5631568425195219,0.5663231989551781,0.585891747434611
HMC,2,CatBoost,1231,0.5929100424607485,0.10506842884915976,0.6107365526468606,0.6007024486263972,0.5758385374593509,0.5870543863807068,0.6076107472768008
HMC,5,Random Forest,1231,0.5352687534972516,0.09798085443868121,0.5097807919604043,0.45201726790154384,0.5830363697467255,0.448182265229572,0.5199813416415068
HMC,5,XGBoost,1231,0.558013231954182,0.0814981872118762,0.5251113092301531,0.5317813355145816,0.543847702140227,0.49913719064839823,0.5724978286911286
HMC,5,Gradient Boosting,1231,0.5653171390013496,0.09197663146783294,0.5859570917117554,0.5272772628918428,0.5442474652909624,0.48473169397826926,0.5678914374413984
HMC,5,LightGBM,1231,0.5628682400184326,0.10482339577838981,0.5684997712675217,0.5110697268297791,0.5689214702112585,0.4895238090653198,0.5634292000404975
HMC,5,CatBoost,1231,0.5295908627102465,0.10355966322125644,0.4945557040468726,0.5038300649987476,0.5188945991675359,0.473240215181231,0.5438162433937987
HMC,10,Random Forest,1231,0.5799249530956848,0.09165990237163582,0.5683785822021117,0.453026314358041,0.6439240688597926,0.4519066208781758,0.5327789633222637
HMC,10,XGBoost,1231,0.5717849972021988,0.08574097401449622,0.5914862091010236,0.4659621833092743,0.6076387773176843,0.4475007115292139,0.5628075003397827
HMC,10,Gradient Boosting,1231,0.5872354432046345,0.07927995448136063,0.5781665248704646,0.5495725907794444,0.5567630367365192,0.5039305729546825,0.5783122920351003
HMC,10,LightGBM,1231,0.5709851551956815,0.09895864233089859,0.612185934734045,0.4934241990185756,0.5743234118353736,0.44873110727796117,0.5849076268435045
HMC,10,CatBoost,1231,0.5799381192192489,0.08235980656883847,0.6324056656033589,0.5055024879646484,0.5842183972327513,0.45941722101915533,0.5624815797138195
HMC,15,Random Forest,1231,0.5368486883249399,0.07389229168088832,0.6191545598656767,0.42158836936779676,0.6238072245662327,0.39222625493744084,0.5290592342349753
HMC,15,XGBoost,1231,0.5384812876468846,0.07751915379583137,0.563727618293769,0.4405103958212752,0.6017115037015309,0.40472431289152927,0.5620630379995202
HMC,15,Gradient Boosting,1231,0.5547184095322735,0.09270228555062256,0.6424997920013312,0.5318098966374543,0.5343350063893373,0.4668934074959733,0.5484994697290525
HMC,15,LightGBM,1231,0.5555544583785919,0.06264597951386079,0.6607951435537642,0.4899342004176887,0.5856552483614147,0.42508600704456045,0.5792394036911157
HMC,15,CatBoost,1231,0.5458016523485073,0.1062873392228821,0.42670441240323403,0.5188586222051658,0.5250278557785157,0.45345703030573103,0.5359356599630611
NKE,1,Random Forest,1231,0.627214377406932,0.05177482609091394,0.6359231137793087,0.6773074929929429,0.5898959816931575,0.6451311737238677,0.6861635963496299
NKE,1,XGBoost,1231,0.5467561963069023,0.05546112051257315,0.5597300235683211,0.5725192665478621,0.543603428648358,0.5497508451180644,0.5982589019466483
NKE,1,Gradient Boosting,1231,0.6206839801191534,0.04030697907905039,0.6194313433652379,0.6884601007813791,0.556385329735779,0.6438506942961469,0.6799503166399248
NKE,1,LightGBM,1231,0.5995622263914947,0.03622929843181513,0.6123348591461109,0.6229190396557933,0.587420803839289,0.6063570843748606,0.6705161434896917
NKE,1,CatBoost,1231,0.6556499127744313,0.05260776358403118,0.6607068584207989,0.6638624388414127,0.6436497176548525,0.6577837480153222,0.7051676950840173
NKE,2,Random Forest,1231,0.5759816990882459,0.03633603439196787,0.5964043344497726,0.6201109966034309,0.5493908021258707,0.5953924052734946,0.6063982338526495
NKE,2,XGBoost,1231,0.5467397386524473,0.026729444014200514,0.5683289966370476,0.6216196482892793,0.49198127228382244,0.5778721188954873,0.568925175606887
NKE,2,Gradient Boosting,1231,0.5881801125703564,0.04414790026183915,0.6027119924325711,0.6712945870156536,0.5185963819011216,0.6226759157527229,0.6370820410499709
NKE,2,LightGBM,1231,0.5589579013199039,0.04435583249738499,0.5896749557001423,0.5825565858202137,0.5572530749215804,0.5729677283036944,0.5956549946989429
NKE,2,CatBoost,1231,0.6280208024752312,0.05373190178400411,0.6495768982811091,0.6225889158979794,0.635651038480739,0.6280679601467456,0.660197824979509
NKE,5,Random Forest,1231,0.5239820940719528,0.022355644073756523,0.5519346457774675,0.5443924004049769,0.5476691905757974,0.5211221152552794,0.5491020933113742
NKE,5,XGBoost,1231,0.497162700371943,0.05522365263296853,0.5195229120103596,0.594689901249021,0.43671929605984705,0.5313004894721469,0.5250441147182977
NKE,5,Gradient Boosting,1231,0.5004476482011784,0.04627461821501681,0.5320143288234667,0.528543148812997,0.5082471178315713,0.5080255881857629,0.530042100997439
NKE,5,LightGBM,1231,0.5093973206938547,0.05024331988949308,0.5451877911624959,0.5500066963998111,0.5220321434630047,0.5141257000756039,0.5390866893916362
NKE,5,CatBoost,1231,0.5613870511174748,0.055944128870937394,0.5769419105435476,0.6022338897171482,0.5432075819976878,0.5700990577740059,0.6002841844920865
NKE,10,Random Forest,1231,0.46387874000197493,0.07244412016420068,0.5049028601076955,0.5282077630988216,0.47966392456544027,0.4720503765621961,0.5235021373110541
NKE,10,XGBoost,1231,0.475234521575985,0.04028041560184823,0.49497282023638023,0.5864017119464506,0.4086046901085463,0.5167687967577334,0.5105287836479488
NKE,10,Gradient Boosting,1231,0.49230110924591025,0.03915377672655999,0.5117333640878585,0.6183583592462358,0.41061751536500946,0.5397581720242182,0.5530885731163366
NKE,10,LightGBM,1231,0.4939205424442908,0.02403688881622987,0.516760716833615,0.5612201220090937,0.4737067106967399,0.5078795736393109,0.545062403242002
NKE,10,CatBoost,1231,0.515894802672723,0.05801888648199193,0.5277947374167485,0.6025391019296074,0.4770203556839208,0.5359205984936376,0.5717629304320468
NKE,15,Random Forest,1231,0.4467199894671012,0.06193591524375871,0.4786902256780553,0.568123954633289,0.3984281772360957,0.4819859600133002,0.5083466880043123
NKE,15,XGBoost,1231,0.49224186168987194,0.05966469406397739,0.5156437787493806,0.6095347335925003,0.4334259164084903,0.5314376098694981,0.5550722309753694
NKE,15,Gradient Boosting,1231,0.5044040683321812,0.08068845130538206,0.5222303083009979,0.6456127176803471,0.4144362831471967,0.5545958404147359,0.5509398027486749
NKE,15,LightGBM,1231,0.46302623350120137,0.02899378499284755,0.4948669080675959,0.5913545458103401,0.40273350045447015,0.5046749073634021,0.5425804423078813
NKE,15,CatBoost,1231,0.4540963101938712,0.0829694543124205,0.47961772024026245,0.6165082461665766,0.37098707065401093,0.4995132172791747,0.5274768186909461
SBUX,1,Random Forest,1231,0.5995523517988216,0.043562999122119465,0.608507434594391,0.6170341610099634,0.5256267455619026,0.6068173555496162,0.6256219369185025
SBUX,1,XGBoost,1231,0.5393798755801323,0.03138649528852772,0.5700201914693539,0.5578817836637202,0.4919065213216912,0.5574766899309679,0.5658414567503618
SBUX,1,Gradient Boosting,1231,0.5825055133142424,0.043758268777972655,0.598442815938468,0.5244870065077176,0.6021954649995745,0.547101283101283,0.6041482239888636
SBUX,1,LightGBM,1231,0.5743227675191733,0.03517800444992407,0.6091200093762901,0.5187162881412845,0.5984588534161165,0.5516011840047355,0.6007314956325128
SBUX,1,CatBoost,1231,0.611724433033804,0.035450703934148724,0.6526017594037707,0.5542613626505519,0.6269025109049868,0.5822475446413616,0.6777296597992963
SBUX,2,Random Forest,1231,0.5897666304598268,0.06547897309757428,0.6027162455287202,0.6364546374862312,0.49188103498464064,0.6140397908095303,0.6127163426522435
SBUX,2,XGBoost,1231,0.5474902076955992,0.05438957515740528,0.5861679870207434,0.5488875733896772,0.5162938952581825,0.5585735748456262,0.5647405025784856
SBUX,2,Gradient Boosting,1231,0.576758500378526,0.042663697945911294,0.6199884844662578,0.5153256180103453,0.6003688996002949,0.5502077941560956,0.5677791293490826
SBUX,2,LightGBM,1231,0.576748625785853,0.03843976636459105,0.6237591678500658,0.5230414762521501,0.5975925685305078,0.5576355449469913,0.587545220599765
SBUX,2,CatBoost,1231,0.5930515782890622,0.050125866845776065,0.6300086821662807,0.5422421690781845,0.6026002860961996,0.5615993628337532,0.6521376610740506
SBUX,5,Random Forest,1231,0.5491655969191271,0.06256717695532685,0.567291190947406,0.6253117407648772,0.422961717248893,0.5902198349897525,0.5542078115186397
SBUX,5,XGBoost,1231,0.5264013692768506,0.05943863890283538,0.5672189486091013,0.5410650558892667,0.49081516279752513,0.5481633035908344,0.5292353202834071
SBUX,5,Gradient Boosting,1231,0.5670320265955696,0.045753180403251284,0.5987753104871713,0.5320577630488716,0.5618770303001276,0.5523201805240024,0.5448008125330633
SBUX,5,LightGBM,1231,0.5573055528126132,0.05153152371171539,0.5842121032406069,0.5299990348721892,0.5445802122664635,0.5441365657525332,0.5447792774659148
SBUX,5,CatBoost,1231,0.5914486027451369,0.05901050632863215,0.5983128230217272,0.5591131879785114,0.5468982875115922,0.5625164896740744,0.596254150384848
SBUX,10,Random Forest,1231,0.5150916691353149,0.07779840926281649,0.5255185472464297,0.5327344073828839,0.4415312158340356,0.5206235261298877,0.5049936736270431
SBUX,10,XGBoost,1231,0.5134919851222803,0.10948034686388963,0.5091062808652779,0.5347273449945416,0.43906024269324495,0.5195200171675217,0.4958950716808692
SBUX,10,Gradient Boosting,1231,0.5394852045686449,0.07766894287537227,0.5483940189164069,0.5933483577663122,0.4319730887281915,0.5667234056349901,0.5257173931275868
SBUX,10,LightGBM,1231,0.5224219084296106,0.0900946839602199,0.53867583920431,0.5724287532521156,0.4356341917750197,0.5486608878978421,0.5302042354328773
SBUX,10,CatBoost,1231,0.5484282939995392,0.10597849029770721,0.5234367409521496,0.5203043435358798,0.49048860788907467,0.5081047963348064,0.5362101551202072
SBUX,15,Random Forest,1231,0.5435370790954873,0.08633698238988989,0.5381794497505543,0.5584285197644213,0.4569068744172333,0.5406934396346732,0.5301263723557559
SBUX,15,XGBoost,1231,0.5467924031467035,0.08428015745794774,0.5170959702775816,0.5397243608650772,0.4695590949212776,0.519712361901036,0.5164131967455641
SBUX,15,Gradient Boosting,1231,0.5297060662914321,0.07263828123871174,0.5063231168007234,0.49988286582908376,0.48708150537464806,0.49827480590632334,0.5125082284279182
SBUX,15,LightGBM,1231,0.5208386820710312,0.10798509617234843,0.5013001969703016,0.5226944716037448,0.441725772042609,0.5049026197731752,0.5214065227368486
SBUX,15,CatBoost,1231,0.5427668608669893,0.11090300087872855,0.49030914432518635,0.49429482172985895,0.5040896305297239,0.483215344955189,0.5136972179278378
MCD,1,Random Forest,1231,0.627971429511866,0.03344861627134948,0.6759037952734244,0.7360768578245933,0.5213041247971055,0.683761930333292,0.7050682218577832
MCD,1,XGBoost,1231,0.6287646884566012,0.03862160519122699,0.6932657365535074,0.6998125875543478,0.5737054200172641,0.6719993000496662,0.69879906914058
MCD,1,Gradient Boosting,1231,0.6320496362858365,0.04796257442634747,0.7125663629415424,0.7141337741515931,0.5715106331131955,0.6737775240037397,0.718470848630399
MCD,1,LightGBM,1231,0.6246864816826305,0.04053052247794365,0.6928731225463379,0.6878496974672762,0.5805490064884913,0.6632970792942541,0.7005259569624027
MCD,1,CatBoost,1231,0.6620749810736973,0.056625952872727515,0.7458584035767317,0.6490662606789467,0.696115190338715,0.6823419811950566,0.7353013517499982
MCD,2,Random Forest,1231,0.5743556828280834,0.03624341566961849,0.6316426058336171,0.7162645666082612,0.42955181182453905,0.6451077320643288,0.6372833608370062
MCD,2,XGBoost,1231,0.5873440637240381,0.045509272459923075,0.6636998554989206,0.6746154713036134,0.5153175107720562,0.6364989529743373,0.6501148956791027
MCD,2,Gradient Boosting,1231,0.5800401566768704,0.028428023748812085,0.6556473932299416,0.6820379393436172,0.4903591862682772,0.6325202128839172,0.6231894111722995
MCD,2,LightGBM,1231,0.5987097198907212,0.037446659832149724,0.6760644839372119,0.6824156729587417,0.5305428409973865,0.6456919427650236,0.6636865293909942
MCD,2,CatBoost,1231,0.6401369276850664,0.05654762800459991,0.735731582348585,0.6170728744763818,0.6875496220950768,0.6550035162273776,0.7011425541415114
MCD,5,Random Forest,1231,0.548375629505283,0.0367273577381798,0.6142686813764712,0.6876676461641719,0.41177104024947414,0.6185225940270399,0.5787730337031205
MCD,5,XGBoost,1231,0.5280570093150324,0.04321234955032608,0.6127741959809475,0.624114307740917,0.452806191103183,0.5750885647682247,0.5756684287247011
MCD,5,Gradient Boosting,1231,0.54836575491261,0.03879464747020737,0.6262627586768545,0.6513055433658719,0.46277236451277515,0.5987108020346539,0.5840450927239752
MCD,5,LightGBM,1231,0.5622066423093381,0.05359898663777121,0.6346803706431758,0.6451061854804381,0.4925678719391914,0.6094061551195138,0.5810185065323955
MCD,5,CatBoost,1231,0.5841150719199499,0.04043286187371605,0.6735055212492762,0.5830806713351286,0.6077177886043078,0.5994201211972656,0.6306835746719223
MCD,10,Random Forest,1231,0.50527303248741,0.03404639905818341,0.5892334250587501,0.637377611022066,0.3986613474602838,0.5620926814398793,0.5526030063503103
MCD,10,XGBoost,1231,0.4930943681906455,0.0378202809190933,0.5986901436769857,0.5481990553985752,0.4745838709923612,0.509672408939414,0.5456005207955112
MCD,10,Gradient Boosting,1231,0.4914782265231559,0.04512425161285742,0.5627944376596934,0.565117728287157,0.44290531714718656,0.5236090136070924,0.5141692879088894
MCD,10,LightGBM,1231,0.5020078338435207,0.039141745814275805,0.5898709426443256,0.5700075218767842,0.46038430146518294,0.5324628836726697,0.5304621278051495
MCD,10,CatBoost,1231,0.5539811066126856,0.04371722064163138,0.6375776203676085,0.5715491845316144,0.5548256271152662,0.566512686623515,0.5812573056304696
MCD,15,Random Forest,1231,0.4849741614825055,0.06088804324079875,0.5850233221943748,0.5509240985585102,0.46791690616785503,0.5082890095526624,0.5169224715243315
MCD,15,XGBoost,1231,0.49791646094598596,0.06823930969872193,0.5716215375038904,0.5638886606534788,0.48960920150604714,0.4982797489238977,0.5120738366404475
MCD,15,Gradient Boosting,1231,0.508488858167934,0.04051795031981881,0.6157620523807775,0.5427909286350477,0.51989221576463,0.5084010833481372,0.535412946501735
MCD,15,LightGBM,1231,0.4922286955663079,0.06256141805834683,0.5777442080122247,0.5259590163338161,0.5092331610578689,0.48764904476985127,0.5143596900780962
MCD,15,CatBoost,1231,0.5336131134590698,0.09004601576221653,0.6488867541133961,0.517413620616764,0.5876365809382273,0.5150746103259589,0.5501166974903514
DIS,1,Random Forest,1231,0.5971133274085777,0.05097878308064288,0.5789482751195142,0.5026122211257353,0.6981868963556039,0.5117113864897245,0.6546030095469938
DIS,1,XGBoost,1231,0.5678845330963431,0.05208538949969418,0.5379765144357904,0.5225124017532956,0.6283567158499423,0.5074145169711948,0.6206143667632269
DIS,1,Gradient Boosting,1231,0.5971001612850138,0.06689906533429756,0.5769746992241217,0.5878507234113661,0.625350091429759,0.5455172994918788,0.6617710402691678
DIS,1,LightGBM,1231,0.5906026793061453,0.04184104089170827,0.5625703806805818,0.5555408334840675,0.6354536320705704,0.5374250251785371,0.6418704214894737
DIS,1,CatBoost,1231,0.6230867976695962,0.052146712212571236,0.6032435701553349,0.5623686173440277,0.6904094926521969,0.5650820598451383,0.6747877037074269
DIS,2,Random Forest,1231,0.575978407557355,0.05188215632567053,0.5562293730157674,0.4458354643260304,0.7064347577987277,0.4554658860417353,0.6249194344766871
DIS,2,XGBoost,1231,0.5752114808597478,0.07481386735733393,0.5456917741691827,0.49626051097749213,0.6615440072500034,0.49591700812939743,0.6212794251568509
DIS,2,Gradient Boosting,1231,0.5808498732760607,0.06445113900493238,0.5559262739295472,0.5338673485843297,0.6302978748279889,0.5140086665296749,0.6289176472492366
DIS,2,LightGBM,1231,0.5906355946150554,0.05724203265521162,0.5594339090711399,0.5293468795355587,0.6510370149648479,0.5078545927216023,0.6489576892220106
DIS,2,CatBoost,1231,0.5946808860801158,0.05277949923677017,0.5602008974390239,0.5366461630612573,0.6619150815168957,0.5241858314832082,0.6353665337711603
DIS,5,Random Forest,1231,0.5573088443435041,0.07149006827813828,0.5344697569323849,0.3642908130882939,0.7490164368469971,0.37330300500431834,0.5749401506560744
DIS,5,XGBoost,1231,0.5670715249662618,0.08606114026968814,0.541187105143848,0.4751218643058732,0.6698412586412699,0.48163996649976043,0.5966475350049931
DIS,5,Gradient Boosting,1231,0.5743392251736282,0.09053557507494324,0.5531318463426209,0.5026542902813912,0.6510412152811361,0.4889395092235655,0.6190645186471491
DIS,5,LightGBM,1231,0.5719561568085316,0.08979171172345049,0.5250779352104605,0.5006404822479971,0.6461499577113969,0.48064034265828504,0.6020785960282314
DIS,5,CatBoost,1231,0.5256245679865705,0.04800903337465493,0.48798081158636286,0.4157187601605524,0.6587152403272828,0.40146560651409563,0.5696962349851888
DIS,10,Random Forest,1231,0.5288436851979856,0.09891124624912252,0.5309621805164277,0.3228797656400296,0.741687754297605,0.3593280676460192,0.5635798726468868
DIS,10,XGBoost,1231,0.5337283170402554,0.0899456029566999,0.505108156185968,0.44540884335605746,0.6374725329121831,0.451005235438652,0.5786309263805945
DIS,10,Gradient Boosting,1231,0.5459135643988018,0.09547314062944459,0.5444535356525924,0.4325569530664839,0.6629901823281907,0.43458758169823986,0.5746103330979607
DIS,10,LightGBM,1231,0.5524110463776702,0.07492265342998883,0.5583982726486408,0.3856608323250552,0.696950369488609,0.41638448467293376,0.5839668834525396
DIS,10,CatBoost,1231,0.5255784865540962,0.06588765130864249,0.5301866114713797,0.33569083043056647,0.7261460616036971,0.36599071177638925,0.544892370716457
DIS,15,Random Forest,1231,0.5206378986866792,0.09326253389044988,0.5404076107948896,0.3804823439110235,0.7006946399721337,0.3880870136336326,0.5527898227467412
DIS,15,XGBoost,1231,0.5254632829729108,0.09912469045276662,0.5268861174865065,0.49735123999835656,0.5977802461817807,0.47163425653962615,0.5714933253436916
DIS,15,Gradient Boosting,1231,0.523060465422468,0.09378311894655367,0.5138581207328003,0.42886709776017967,0.6342797654178728,0.4265793110722115,0.550504872234017
DIS,15,LightGBM,1231,0.517375991573681,0.09995165992986393,0.5036095720003365,0.39127553586040664,0.6574937615666515,0.4053077727155112,0.5499907881730826
DIS,15,CatBoost,1231,0.4938020473322142,0.08982009479445834,0.5238520443996919,0.4351973398709929,0.6374565098158449,0.39318897579824297,0.5430180192015769
NFLX,1,Random Forest,1231,0.6320035548533622,0.0409639719568623,0.6567196393345641,0.7787432863493635,0.42539814944390814,0.7101882616866275,0.6608510154201767
NFLX,1,XGBoost,1231,0.6003192784964287,0.04913230090075753,0.6581658947041209,0.6697001020676758,0.5134705635396333,0.6575882786875236,0.6339537919330965
NFLX,1,Gradient Boosting,1231,0.5994766465883282,0.04645025676707715,0.6610480413917754,0.64019615011366,0.5463293314115676,0.6426822969130948,0.6383432172000666
NFLX,1,LightGBM,1231,0.5930022053256969,0.04198762910931422,0.6622394934850313,0.6061035639609139,0.5710285315806576,0.6293733149632803,0.6515619869719583
NFLX,1,CatBoost,1231,0.6693130575030446,0.054557579174937865,0.7262642793332192,0.6650460944021457,0.6564959294249171,0.6911741442006128,0.6857401957149147
NFLX,2,Random Forest,1231,0.6279220565485006,0.0681627987259417,0.6521456216677265,0.7448882765194508,0.4697120851738589,0.6939008556423527,0.6511609338851043
NFLX,2,XGBoost,1231,0.5824660149435503,0.049162167432877955,0.6547612647228419,0.6060205530412726,0.5758002038735983,0.6188187931687964,0.6226519178789447
NFLX,2,Gradient Boosting,1231,0.5857114644020933,0.06683485530289293,0.6464583964176115,0.613815780403218,0.5599560539132404,0.6212664301778368,0.6262563550001683
NFLX,2,LightGBM,1231,0.5808070833744774,0.036801215744696615,0.640960240886668,0.6236459601314681,0.5351877902367199,0.6256320137344346,0.616670023205411
NFLX,2,CatBoost,1231,0.6660643165136106,0.05891603778049212,0.7080608542722471,0.6739983125420486,0.6384835202174652,0.6880379321563754,0.685215393726092
NFLX,5,Random Forest,1231,0.5629406536980349,0.06409824237541148,0.6405223545459049,0.6491399675243955,0.474862363942664,0.627618452008696,0.6099966217598979
NFLX,5,XGBoost,1231,0.5093578223231624,0.03973368430515794,0.6284352582840824,0.5596718240997687,0.5001844572350269,0.5559245979179365,0.5595023714016653
NFLX,5,Gradient Boosting,1231,0.5004311905467234,0.057192657424165905,0.6266399124469347,0.49891131408744743,0.5386849819963184,0.5260366480909592,0.5461622574097337
NFLX,5,LightGBM,1231,0.4907014252328759,0.08980237830826798,0.5971059989531448,0.4584007618010844,0.5668499121263778,0.5000423843126576,0.5360582590333511
NFLX,5,CatBoost,1231,0.5572298476021198,0.0733860535471155,0.6410203588681849,0.5520509959764253,0.5794655413768363,0.5847831492887925,0.6003940092754181
NFLX,10,Random Forest,1231,0.5182120404199992,0.05876874298304503,0.5868688326712312,0.7219830231811983,0.29675460701293965,0.6282150120620212,0.5161994302123202
NFLX,10,XGBoost,1231,0.47202198742635204,0.05118286083796471,0.5584910776043012,0.5350507712178333,0.4356248445536142,0.5195280769628161,0.49761205816323495
NFLX,10,Gradient Boosting,1231,0.4881735295085744,0.059656762839671335,0.5675789750530309,0.5775211491063681,0.39556306470535707,0.5588293877126442,0.5065109840322253
NFLX,10,LightGBM,1231,0.49722853098976333,0.05576177867993465,0.5961747377182032,0.5674190400840036,0.4617049497317707,0.5442282891376147,0.5209624504848662
NFLX,10,CatBoost,1231,0.46217701853131893,0.0521575380525111,0.5442340755690527,0.5131803607888461,0.43462423056530053,0.5039679735051557,0.48863590716259775
NFLX,15,Random Forest,1231,0.5086468516507028,0.08810093936063317,0.6569951296154588,0.6833555753055943,0.38032173086023546,0.5694545540671401,0.5791382945604339
NFLX,15,XGBoost,1231,0.5005167703498897,0.10429187273302193,0.6372740112994351,0.5957101866077046,0.46636358752436247,0.5374305667076693,0.567996927375175
NFLX,15,Gradient Boosting,1231,0.5069648793653928,0.08077823905285712,0.6311719245524714,0.5307382418148323,0.5382320385630252,0.5244445357609071,0.5563952835611312
NFLX,15,LightGBM,1231,0.503781968993779,0.09510038183764478,0.6396008901223001,0.5851297851433641,0.48415586691512313,0.5400584893884707,0.5819570951432794
NFLX,15,CatBoost,1231,0.4834798064579836,0.10308976561268167,0.6934528832630098,0.4920007581515109,0.5795157844269909,0.44727325010358554,0.5467672765645952
JPM,1,Random Forest,1231,0.5922122379118527,0.04241340570659657,0.6457359331286797,0.7184681496688538,0.444373770238658,0.6678099592953299,0.6378532164584737
JPM,1,XGBoost,1231,0.5962739870313684,0.046002780522725266,0.6579416781956219,0.6998373189722267,0.48724060888429455,0.6620803087996839,0.6354963436058869
JPM,1,Gradient Boosting,1231,0.5719133669069485,0.05022847732363333,0.6497373706653822,0.6328726715546862,0.5187971956492524,0.6264016616486568,0.6044494227542238
JPM,1,LightGBM,1231,0.5767979987492182,0.047123772609903115,0.6532589440865377,0.6591812772551668,0.5036913609444815,0.6358137056579288,0.6302989480985506
JPM,1,CatBoost,1231,0.6133438662321845,0.028005754170248646,0.6812182178629682,0.6442678226645213,0.5825118757551897,0.6560909044992427,0.6619960589912414
JPM,2,Random Forest,1231,0.5841019057963859,0.05124497477642643,0.6495402946121336,0.7224493741389629,0.41601725287902047,0.6672736180127465,0.6145073401174018
JPM,2,XGBoost,1231,0.5589184029492118,0.01961573467313161,0.6573062327577148,0.6546701376736929,0.46032223793564964,0.6240182199005728,0.6083841350017155
JPM,2,Gradient Boosting,1231,0.5670451927191337,0.05689754655560611,0.6619162211395222,0.5974996215370642,0.5487590340282048,0.6125508107066571,0.5745102121477427
JPM,2,LightGBM,1231,0.575998156742701,0.04394714115755878,0.669398191731986,0.6462452000319049,0.5156966110350498,0.6323954994203731,0.6029864280085121
JPM,2,CatBoost,1231,0.58165629834436,0.03742401375815623,0.6693122171777935,0.6163102305449704,0.5512181108475136,0.6311394055898856,0.6203066799404768
JPM,5,Random Forest,1231,0.5013166123564069,0.08717959368255486,0.5979477292474937,0.6069634334353771,0.41213093469647843,0.5544542618013064,0.5172403993904146
JPM,5,XGBoost,1231,0.5167440176426056,0.08009172932989564,0.6153371789068336,0.5892639151243378,0.46622813608550817,0.5532320144776036,0.5401831727521363
JPM,5,Gradient Boosting,1231,0.48015206872716504,0.07522667582598236,0.5982291475148618,0.5714167319534083,0.4188127146660608,0.5228025746874837,0.5255524923364107
JPM,5,LightGBM,1231,0.5175306935255588,0.06932814816560263,0.6100490632480661,0.6042270487720135,0.44468113254859104,0.569807287482912,0.5410472651716438
JPM,5,CatBoost,1231,0.46310852177347683,0.08511242245525134,0.5585036636631241,0.5430231134063708,0.3978454283153484,0.5140942540539327,0.4881249992496712
JPM,10,Random Forest,1231,0.5110529607320364,0.06993339362635317,0.6060054454154168,0.6719464970834343,0.3473417791104672,0.5838282618511097,0.5168091842673911
JPM,10,XGBoost,1231,0.48993449853526866,0.06195852811802546,0.6213344938517712,0.6066276776348437,0.38849524932878793,0.5358380525179507,0.5089467452020564
JPM,10,Gradient Boosting,1231,0.49725815476778257,0.08580909205958487,0.6297622482147321,0.6143783422897497,0.39938186961822214,0.5357512006030545,0.51132242677258
JPM,10,LightGBM,1231,0.501303446232843,0.08510376726875167,0.6220996801424972,0.6241534904365881,0.3897399435006221,0.5487310202230035,0.5131754984988537
JPM,10,CatBoost,1231,0.5029031302458773,0.06509715707046893,0.6051843441588423,0.6320764725904477,0.3717253479524839,0.5752407078392576,0.5151836357580826
JPM,15,Random Forest,1231,0.5013166123564069,0.10257593755453281,0.6077115242322175,0.633749423016188,0.3765982672138623,0.5429119399153094,0.5287951188098384
JPM,15,XGBoost,1231,0.49885454724992595,0.07632674524891694,0.624250365076481,0.6158798598233012,0.3969575707187446,0.5461913941106633,0.5266693980692703
JPM,15,Gradient Boosting,1231,0.476949409170205,0.09891864665827298,0.5458784498299577,0.6093128325248812,0.3416063699938676,0.511925383038865,0.4954191549535648
JPM,15,LightGBM,1231,0.48507290740923603,0.0934643205466659,0.5719698621988699,0.6021842076493882,0.3746527745019419,0.5169040126580685,0.5371887305565689
JPM,15,CatBoost,1231,0.48667588295316155,0.11084108783868099,0.5865800955470365,0.580257193064857,0.3911037077220624,0.5276510609908934,0.5148545970179687
BAC,1,Random Forest,1231,0.5809519107336822,0.08064582543087041,0.6705184009975216,0.6372530162615841,0.5566145925402302,0.6097968511701984,0.7034068503227353
BAC,1,XGBoost,1231,0.5508804845133471,0.07439197158837949,0.6698813866270333,0.5484718667705204,0.605937735077986,0.5533802583074466,0.6766108833247124
BAC,1,Gradient Boosting,1231,0.5679437806523814,0.07216924987682569,0.6970619199451014,0.5329956762943299,0.6623150108098594,0.5623768473321737,0.6842239059100252
BAC,1,LightGBM,1231,0.5655146308548106,0.09171384337576688,0.6935099396083635,0.5381039367269478,0.6539511375341198,0.5517762210321193,0.6915419763784376
BAC,1,CatBoost,1231,0.6393732925183503,0.042408509362445876,0.7448946053946053,0.627553070484527,0.6929032487257409,0.6571538797374477,0.7386986156580396
BAC,2,Random Forest,1231,0.5703597643263882,0.0631963588383489,0.6746333575875172,0.6242951153712438,0.5626168922125355,0.5964307242691037,0.7027038572602814
BAC,2,XGBoost,1231,0.5403113788222902,0.07821711514948321,0.6934091749324718,0.5138763896702649,0.650819026666544,0.519953917189306,0.6694584344647991
BAC,2,Gradient Boosting,1231,0.5459826865475133,0.07587098868710983,0.7026002937053601,0.5114790813253487,0.6581026123322622,0.518359735704496,0.693854841162774
BAC,2,LightGBM,1231,0.553293176656463,0.08181970500865811,0.6729507367212694,0.5389364745040555,0.6343051220244976,0.5426285713599954,0.6863737800854297
BAC,2,CatBoost,1231,0.611714558441131,0.06809198076863458,0.7415048421651221,0.579797935840243,0.7032491164138577,0.6045091663207627,0.7162329187177274
BAC,5,Random Forest,1231,0.5013528191962081,0.1037412670215392,0.6282266694461817,0.5366161834892988,0.5321943285793216,0.4994264881545756,0.6029344559514864
BAC,5,XGBoost,1231,0.5029557947401336,0.08841884473264588,0.6409506180542557,0.5115188990862609,0.5619632915004583,0.49922058297843475,0.5753394151500333
BAC,5,Gradient Boosting,1231,0.501336361541753,0.09682182459923067,0.6856007806711327,0.47325335839493976,0.6138518727649162,0.46137543478648535,0.6188369336215884
BAC,5,LightGBM,1231,0.518337118593858,0.07400238258985431,0.6684970670230479,0.508171934655922,0.5999918641433368,0.5052564420809176,0.6208641497526723
BAC,5,CatBoost,1231,0.5111056252262928,0.11942261026692481,0.6930707668295024,0.4779035630293055,0.6332152268021833,0.4588857195064727,0.6476036476923238
BAC,10,Random Forest,1231,0.46070899575392515,0.0813523461805972,0.6452515676543136,0.5024013865147405,0.5204901023954733,0.4415037684488724,0.5517937419233057
BAC,10,XGBoost,1231,0.452555873736875,0.07143319166965414,0.6024290844451415,0.4046787622536551,0.614188986631442,0.4012084800007102,0.533498762141573
BAC,10,Gradient Boosting,1231,0.46395115368157736,0.07918869079541112,0.643699348990648,0.41538240437291296,0.6246906120307655,0.4119940318531867,0.5385851890959212
BAC,10,LightGBM,1231,0.46640663572627633,0.10055997359088281,0.652115116689612,0.4244635088728829,0.6221178437930356,0.4111645994794113,0.5734132980616821
BAC,10,CatBoost,1231,0.4802146078140943,0.09841340025982438,0.665517088900373,0.43518667375716424,0.625753913605576,0.4298857387445144,0.570995084698515
BAC,15,Random Forest,1231,0.47200882130278793,0.04590804274729068,0.6634911828778784,0.5062830223644342,0.5375050709939149,0.45851002223124093,0.5294053803491805
BAC,15,XGBoost,1231,0.4979460847240051,0.07927625836490838,0.6563463352847914,0.47555311841734216,0.6086046759901784,0.46697479447823415,0.5562223936618109
BAC,15,Gradient Boosting,1231,0.4695730884434351,0.08669802043062833,0.6511882755669662,0.4305499050074138,0.5949391480730223,0.4292129350545408,0.531944939080633
BAC,15,LightGBM,1231,0.48663967611336034,0.08036123758105665,0.6795499673663215,0.45667489814419093,0.6184685598377282,0.44760564904992506,0.5473484543102487
BAC,15,CatBoost,1231,0.4972186563970903,0.09310339237613446,0.6846987697295136,0.47462835978925144,0.6140703177822854,0.45696582309425515,0.5743165648360262
GS,1,Random Forest,1231,0.6312300450939732,0.04308506740232223,0.6820973802725261,0.7002346764229247,0.5523478547650544,0.678378555641703,0.686502330529638
GS,1,XGBoost,1231,0.5882459431881768,0.067535088273782,0.6896621089403775,0.5913019174815409,0.6101706485105625,0.5948197313327788,0.6712858179726894
GS,1,Gradient Boosting,1231,0.6377176524801685,0.05271394069585201,0.7229213195259955,0.6635689961675978,0.6170020392951481,0.6680065617567628,0.6971498063820871
GS,1,LightGBM,1231,0.6255817780849874,0.06174963061302421,0.7101314796663634,0.6397946491009908,0.6241957599648664,0.6441063055282898,0.6945159798617265
GS,1,CatBoost,1231,0.6199269280142194,0.07832674732515701,0.6998718330616915,0.6062860315956025,0.6502158000645197,0.6356506892913931,0.7086352884333397
GS,2,Random Forest,1231,0.6312037128468452,0.04528390467278647,0.6862519728528873,0.6984394891078416,0.5666286343296083,0.6742400799033841,0.6778790300896496
GS,2,XGBoost,1231,0.5345643658865739,0.041000930993380404,0.6284696535159939,0.5485675932325539,0.5509907061439043,0.5396572399305318,0.6102423127262735
GS,2,Gradient Boosting,1231,0.567868075441888,0.07258799529014114,0.6753522346658603,0.585673709329089,0.5804809946568305,0.5667707809303735,0.6303525200599379
GS,2,LightGBM,1231,0.5613837595865838,0.06826695327794767,0.6743640191318917,0.5728340561780876,0.5878466661880719,0.562553700684853,0.635187485436867
GS,2,CatBoost,1231,0.6101510812678976,0.08252871491139432,0.7076112397842464,0.5783156158493173,0.6696201688984,0.6159861493389779,0.6904963345012516
GS,5,Random Forest,1231,0.5394325400743887,0.028902336553832855,0.6344954778536926,0.630575731204389,0.4789031544024704,0.5824382971272923,0.5807395528778924
GS,5,XGBoost,1231,0.48913794805964256,0.0852676982485729,0.6032385561605162,0.5341748518947226,0.5208628595906297,0.44792243549408595,0.5411186773762673
GS,5,Gradient Boosting,1231,0.4631447286132781,0.09225645595662645,0.5338096283338671,0.48485721083042277,0.5198212073177874,0.4135887919010087,0.5083606544619729
GS,5,LightGBM,1231,0.479378558967776,0.08746000988164769,0.5484474235083786,0.4994675222406224,0.535721365830805,0.4332980490995884,0.5420614646922393
GS,5,CatBoost,1231,0.5289852210262993,0.11396152680378456,0.6405072637323421,0.5060606232469765,0.6194972788269641,0.4886918873808176,0.5867380012703011
GS,10,Random Forest,1231,0.5330634278002698,0.11605752106506542,0.6911393905296345,0.5288100179390501,0.6055523976262477,0.48596560984150194,0.5750312744870806
GS,10,XGBoost,1231,0.5184226983970245,0.10784159181802863,0.6976240286909743,0.5358385807740647,0.5750467647621994,0.46713810053343974,0.5715484682387316
GS,10,Gradient Boosting,1231,0.500566143313255,0.10926032283576738,0.6338434011913916,0.5066012052463665,0.5548042841732161,0.4552578472033857,0.5599176592639482
GS,10,LightGBM,1231,0.5094993581514762,0.11456228821569914,0.6652496886225869,0.5229292428002106,0.5570062451209992,0.4600934615554616,0.5480561670317955
GS,10,CatBoost,1231,0.5330535532075968,0.11669842222379224,0.7058835737223047,0.48969869915031206,0.6435968204680724,0.4771125275780026,0.571122109922322
GS,15,Random Forest,1231,0.49811066126855597,0.0915650575917383,0.6621955942053231,0.5100221115268431,0.5532917086638485,0.4530647099680317,0.5331550605042039
GS,15,XGBoost,1231,0.4932424870807412,0.09662423489400954,0.6418787636296232,0.4892774780909244,0.5684980983962629,0.4381254999491534,0.5363134284927316
GS,15,Gradient Boosting,1231,0.481857081728712,0.09036690298621108,0.6407988898800674,0.49415856618144643,0.517094919720014,0.4358686982335721,0.5135196674179904
GS,15,LightGBM,1231,0.500559560251473,0.10779155094581475,0.6456801601652861,0.4715537462894024,0.5945931234226431,0.4350052324792947,0.5192608068173201
GS,15,CatBoost,1231,0.4794081827457951,0.0826384520305292,0.6679579316389133,0.43333771184702063,0.6033807677622111,0.41429277898286865,0.5279741817623275
MS,1,Random Forest,1231,0.6369079358809783,0.02783894907848744,0.6691776367739495,0.7684483527630055,0.45362478492540603,0.7043912073589493,0.6902393445326099
MS,1,XGBoost,1231,0.6328527698232448,0.028202415221701777,0.6788695484101352,0.7222192281383201,0.5037367639727315,0.6838228134514749,0.6775690045856495
MS,1,Gradient Boosting,1231,0.6255225305289491,0.01637695232615654,0.6718714930401215,0.7180078563421095,0.4829904943625808,0.6794109623060909,0.6433555256260621
MS,1,LightGBM,1231,0.627968137980975,0.017379799268796643,0.6797402557100297,0.6853967323268775,0.5378322119597444,0.672225984969236,0.6701810365456736
MS,1,CatBoost,1231,0.6393765840492412,0.06027186594176769,0.7000717252755296,0.6645548091928557,0.5931608876001772,0.671231837083992,0.6934281147184128
MS,2,Random Forest,1231,0.6141469997695929,0.03953435596759564,0.6648393869080763,0.7268789694231922,0.46292691789988505,0.6760239602910776,0.6609645791810225
MS,2,XGBoost,1231,0.6100984167736414,0.024213791680508117,0.6543453993849597,0.7181616356777774,0.4597618934641323,0.6737963987096689,0.6426595453520018
MS,2,Gradient Boosting,1231,0.6019584608801554,0.018864620142049825,0.6532972662125098,0.6967376172851002,0.46644240063659836,0.6579014435811898,0.611500130090624
MS,2,LightGBM,1231,0.6214443237549784,0.009457493339066604,0.6754375122649606,0.6953553767088655,0.5219973296263208,0.673166058340877,0.6530732924046815
MS,2,CatBoost,1231,0.6027846351338008,0.03528975605786375,0.6696727391994193,0.6566489806508654,0.5155870693685258,0.6460575072303174,0.6733431163029912
MS,5,Random Forest,1231,0.5508113623646358,0.0380053512428873,0.608883527092313,0.6650540191325769,0.41182123519806507,0.614400165472459,0.5854592293298527
MS,5,XGBoost,1231,0.5638392416312827,0.04833318861589621,0.6162404467960024,0.6688605422699296,0.42707332186585034,0.619650394472121,0.5693116809885469
MS,5,Gradient Boosting,1231,0.5426911556564958,0.04437181055299517,0.6001034544189688,0.6314637129968066,0.42000407437240506,0.595836852818203,0.5597261833300131
MS,5,LightGBM,1231,0.5443105888548765,0.04197649430182971,0.5983667047506934,0.6347107774346055,0.41869878640479197,0.5965018047399377,0.5624751816815418
MS,5,CatBoost,1231,0.5613541358085646,0.059734114600724524,0.6498395900536634,0.6189831179675351,0.5003515924863718,0.5907089219522323,0.6263916379133034
MS,10,Random Forest,1231,0.5239557618248247,0.08867049232995322,0.5933747061859789,0.6506540263001251,0.38911079478377564,0.5748123316320497,0.5043458775527643
MS,10,XGBoost,1231,0.5125966887199237,0.07832394463002179,0.595720843908784,0.5942975703462257,0.42045158917459924,0.5483969350888647,0.5129320416890263
MS,10,Gradient Boosting,1231,0.49877225897765054,0.08687674552676732,0.566577514441945,0.6067306881982388,0.3667779698242931,0.5536588675801308,0.4816934194442933
MS,10,LightGBM,1231,0.5134162799117871,0.08387755308328569,0.5762980899723071,0.6132004507587236,0.39430506324209763,0.5663635556869469,0.5134245400355733
MS,10,CatBoost,1231,0.5028735064678582,0.0715993820394396,0.6143518215966493,0.5390068571195779,0.47997166825283016,0.4968551549132708,0.5252334967015699
MS,15,Random Forest,1231,0.5232118758434547,0.07567878533548339,0.5619788732322879,0.6251841741999006,0.41328750784128354,0.5621163942112579,0.5124844965780256
MS,15,XGBoost,1231,0.5296632763898489,0.0540790327556977,0.5904551307458259,0.5932440491592798,0.44829758886051796,0.5573645294291055,0.5324070146102526
MS,15,Gradient Boosting,1231,0.5499851881109904,0.06455828436624027,0.5898495437625872,0.6503386329573349,0.42067237423759163,0.5925396581986321,0.5514259745219795
MS,15,LightGBM,1231,0.5329515157499753,0.0799326623779207,0.5651403517585566,0.6440426563703914,0.3866202698285078,0.5825158241237276,0.5323996604522893
MS,15,CatBoost,1231,0.5297159408841052,0.07971622451031277,0.588319295730478,0.5201538667811716,0.540767959852628,0.4822133008284637,0.5556160097265949
C,1,Random Forest,1231,0.5670451927191337,0.0282543167286605,0.6123747567510244,0.5980601768163785,0.5591118397515868,0.5832331335321621,0.6113329282937958
C,1,XGBoost,1231,0.5613705934630195,0.02401671328315913,0.6229207687444689,0.5250666516468027,0.6188089430388285,0.5424669882866476,0.6063448218083298
C,1,Gradient Boosting,1231,0.5889799545768738,0.03668102257294045,0.6444824131585251,0.5954639963672936,0.6033718270665834,0.5886793002107998,0.6535350886806321
C,1,LightGBM,1231,0.5670748164971529,0.04540965836032673,0.6287990878093137,0.6006946133979215,0.5645807638711992,0.5843741206215514,0.6258274453998773
C,1,CatBoost,1231,0.6084822751061518,0.04789736928757415,0.657774881556943,0.6109300476354165,0.6222073302803908,0.6180609811255809,0.6843108505622667
C,2,Random Forest,1231,0.5313024587735756,0.021415227141572523,0.5729940886856246,0.5196781907969104,0.561735520620753,0.5151861712803083,0.5720729919276503
C,2,XGBoost,1231,0.5126131463743787,0.015745211331654515,0.5582783677663838,0.4872371269743973,0.5626533373020646,0.4931496208599778,0.5602274638360394
C,2,Gradient Boosting,1231,0.5443007142622034,0.034414842652666956,0.5995315217396359,0.5331363065087404,0.5762911280507073,0.5175251381347354,0.5923647701145263
C,2,LightGBM,1231,0.5272604588394063,0.03116793617299264,0.5765792317516455,0.5273461019334073,0.5553435006248713,0.5191544198249048,0.5721033453003264
C,2,CatBoost,1231,0.567871366972779,0.04827806299010866,0.6285216922542357,0.5779498620121956,0.580325132874347,0.5655938262115059,0.641467406933414
C,5,Random Forest,1231,0.5109871301142161,0.02650858184678265,0.5343635523778525,0.5086809619659205,0.5389144302199913,0.47875375316316554,0.4981643053924884
C,5,XGBoost,1231,0.4955959316678187,0.04232272588423388,0.5421025994939038,0.4292319945733549,0.5958251280277722,0.4154564078987931,0.48531808369526397
C,5,Gradient Boosting,1231,0.4964122313287911,0.04597702321057171,0.5333143989938851,0.4710835232865855,0.5560889257964676,0.4258632467371927,0.5273235408648085
C,5,LightGBM,1231,0.4980053322800434,0.03226410460362202,0.5882937211597247,0.4607642435926499,0.5750963526318786,0.43803098684084657,0.5225489176595818
C,5,CatBoost,1231,0.5061650373588755,0.05152681361822416,0.47736617715206997,0.4831600150472359,0.5599991586315902,0.4358547083340384,0.5582447595575779
C,10,Random Forest,1231,0.48827885849708696,0.045458862795546236,0.49546921952048095,0.42542744625201784,0.6054391671736226,0.3852030384401219,0.5139950451187296
C,10,XGBoost,1231,0.48096178532635525,0.040576470916779225,0.46267634858667633,0.40407344127069755,0.6081116518236668,0.36052924108804263,0.5252056270935813
C,10,Gradient Boosting,1231,0.46311510483525886,0.06915483560238127,0.4251751179924025,0.3936793975910717,0.5879654975260398,0.3464212947106746,0.5041297432531606
C,10,LightGBM,1231,0.48915111418320656,0.07419471198476725,0.45394209158172244,0.43911673894190306,0.5992427939833269,0.37171731451899936,0.506192953630272
C,10,CatBoost,1231,0.5094039037556367,0.06258821071214657,0.5053211489493348,0.473830173116112,0.596716691270221,0.425900923706979,0.5167093921762426
C,15,Random Forest,1231,0.48911161581251433,0.07626047302375727,0.6392794018682524,0.4557571241280365,0.6293957201286086,0.4091522814182202,0.5827492820320265
C,15,XGBoost,1231,0.48260425924097294,0.06301288203102644,0.6786679795600519,0.42941812406207225,0.6372089411798854,0.39064950263399345,0.5758873654082152
C,15,Gradient Boosting,1231,0.487508640268589,0.08015387248634306,0.6623469387755102,0.44357900340539913,0.643588796093373,0.39158412324968517,0.5931893356509395
C,15,LightGBM,1231,0.46878312102959085,0.053840944669584785,0.6074108470283679,0.40823468085720416,0.6311613365472695,0.3720940420815997,0.5772414452547326
C,15,CatBoost,1231,0.4696257529376913,0.09733159174411858,0.5711562935351482,0.42749469194742656,0.607996269169127,0.3806173042699471,0.5680481542621936
JNJ,1,Random Forest,1231,0.6433790856127185,0.009404054102625754,0.6481958620114036,0.5876494239776245,0.7070114672377661,0.6035377858399461,0.7071489121564909
JNJ,1,XGBoost,1231,0.6181758335801982,0.041230689514089335,0.6098795515191883,0.612557212835241,0.6352610854805278,0.6001087219372294,0.6687474829622865
JNJ,1,Gradient Boosting,1231,0.6222309996379316,0.05267642778952673,0.6222677739542574,0.6288820113265917,0.6348158008662395,0.6076280876707668,0.704730638884265
JNJ,1,LightGBM,1231,0.6174023238208092,0.029774016768906925,0.6020632011313042,0.6299479423779261,0.6185346154703364,0.6036410553388961,0.6924734186693424
JNJ,1,CatBoost,1231,0.6807577104111122,0.016763616565952492,0.6596762960047633,0.6555982808592593,0.6981221393533799,0.6567172898373488,0.7197103018736803
JNJ,2,Random Forest,1231,0.6133109509232744,0.023088199366818184,0.6034420886406984,0.5798413744753498,0.6447997403848168,0.5876995807981193,0.6581420498772199
JNJ,2,XGBoost,1231,0.5930186629801522,0.03836889289028023,0.5964859652298836,0.5688966419241427,0.62462586102213,0.5693911240708565,0.6205819532789792
JNJ,2,Gradient Boosting,1231,0.6124716105460649,0.05234428860502338,0.6004670372242558,0.6660461437848854,0.5746628143123338,0.6201837849002895,0.6685025401018541
JNJ,2,LightGBM,1231,0.5970540798525394,0.030179045694247043,0.5785703711047223,0.6557723581473379,0.5536145133262149,0.6060867317595027,0.6512448596868969
JNJ,2,CatBoost,1231,0.6490800171159605,0.0143051447255998,0.6275929449730052,0.6312641989386629,0.6549736197475033,0.6288075717001709,0.6811262833493068
JNJ,5,Random Forest,1231,0.5800467397386525,0.04380385015494621,0.570287376427989,0.5911757517636204,0.5849746478679061,0.5691151246276925,0.6087249116273901
JNJ,5,XGBoost,1231,0.5483295480728086,0.022708081968050613,0.5389708645169239,0.5706653457676744,0.5463327073973145,0.5381285437187954,0.5848997757006713
JNJ,5,Gradient Boosting,1231,0.5377703169744248,0.05050146514717023,0.537553943187746,0.5982071168711813,0.5110712768060781,0.5431752267206542,0.5745064040166342
JNJ,5,LightGBM,1231,0.5370066818077087,0.039816848813716076,0.5207605610672286,0.5600719715132625,0.5239967158464586,0.5331725604987573,0.5629208027360046
JNJ,5,CatBoost,1231,0.6076133109509232,0.015860529096656903,0.5828219019724113,0.58592393592482,0.6170521289919088,0.5834629941692506,0.6259867445350166
JNJ,10,Random Forest,1231,0.5304499522728021,0.043044510430060606,0.5551763455638152,0.5428479116888763,0.5485125689233195,0.5070786822846551,0.5408624133951971
JNJ,10,XGBoost,1231,0.4873111484151279,0.06733400359231047,0.4841821946169772,0.4644953664639502,0.5350245082750154,0.44511261479117337,0.5039059578745912
JNJ,10,Gradient Boosting,1231,0.5036075178565551,0.05009643557905637,0.5413013923181351,0.5313521713141305,0.5057837754592318,0.48131926267830727,0.51603294971282
JNJ,10,LightGBM,1231,0.5109443402126329,0.059834253035398036,0.5398397074505572,0.49772602253838,0.5464375956262366,0.47912454789584746,0.505377099618306
JNJ,10,CatBoost,1231,0.5417892761923571,0.04097395091659607,0.5368081918081918,0.5000789739154486,0.587511645473106,0.49913149928452666,0.5286458117225284
JNJ,15,Random Forest,1231,0.4654850070767914,0.07156601636766126,0.49809720582447853,0.4060686418335672,0.5397231465154948,0.3965133140345327,0.47075801030367587
JNJ,15,XGBoost,1231,0.4654488002369902,0.07943036156510923,0.4525215444667359,0.4529677467364035,0.4965211842830047,0.4213563108055645,0.46479043148554294
JNJ,15,Gradient Boosting,1231,0.46949409170205064,0.06824963435344712,0.502457264957265,0.38051478717523496,0.5508873896237546,0.37520046357987225,0.4408130751438139
JNJ,15,LightGBM,1231,0.46379645172969947,0.07373774851558342,0.4563945286929597,0.4921874601352213,0.45466335217664405,0.44284509305297515,0.472361115627551
JNJ,15,CatBoost,1231,0.44516638688654087,0.0799274736892029,0.3765029823577692,0.37706595228983286,0.4994736151895367,0.3499780323259255,0.4188294675028046
UNH,1,Random Forest,1231,0.609278825581778,0.05269353195390656,0.6425644863945171,0.7001458805542512,0.4963866621183694,0.6597174340699652,0.6404731091541866
UNH,1,XGBoost,1231,0.58165629834436,0.035891361473791406,0.6299331518065435,0.5959953734636365,0.550194561536025,0.5963888883125011,0.6269684532478981
UNH,1,Gradient Boosting,1231,0.600362068398012,0.06602473716323379,0.6746265198859623,0.6050359886495869,0.5896540451418499,0.6021725490196078,0.6680147443265845
UNH,1,LightGBM,1231,0.6092755340508871,0.048746880625044266,0.660452114062297,0.6376684352371874,0.5674215215678631,0.6322998879591876,0.6523109025700485
UNH,1,CatBoost,1231,0.6230835061387051,0.038462442530364876,0.6952717692674877,0.6049135843948361,0.6552976292000682,0.6362824279381342,0.678862557547015
UNH,2,Random Forest,1231,0.5418913136499787,0.04743804359727313,0.5829680148094829,0.6175268663357659,0.45292427010619474,0.5829049596256836,0.5813430016541636
UNH,2,XGBoost,1231,0.5434547908232119,0.04477526902488654,0.577592738551923,0.6162530729827872,0.4472685125980175,0.5846235219067927,0.5803141486877044
UNH,2,Gradient Boosting,1231,0.5743293505809552,0.07131278297676319,0.6520714272757882,0.5578403321165741,0.5937431932288645,0.563496579002714,0.6269348217548385
UNH,2,LightGBM,1231,0.5849149139264671,0.041055352811707586,0.6251679890292878,0.6516390154965535,0.47872873948085815,0.6066382833849552,0.6192625693109276
UNH,2,CatBoost,1231,0.588110990421645,0.07239057715027218,0.6616203808094087,0.5575945076100911,0.6366578090917409,0.5856162153256497,0.6375118932680202
UNH,5,Random Forest,1231,0.527997761758994,0.08987553540899965,0.5808512926804117,0.6193228449095485,0.43617453927410355,0.574665388037328,0.5356425060934965
UNH,5,XGBoost,1231,0.4954938942101972,0.06300721769259489,0.551374354023061,0.5346218931113527,0.46596262533956995,0.5169127632361649,0.5229338579132512
UNH,5,Gradient Boosting,1231,0.5134031137882229,0.08232674825438449,0.5764625629459332,0.5106546428728554,0.537610031719681,0.5053882394733484,0.5433766016105911
UNH,5,LightGBM,1231,0.5418682729337414,0.048058329268380724,0.599363183252194,0.5900835591550788,0.49278342276109444,0.5590167826668531,0.5603343440175145
UNH,5,CatBoost,1231,0.544244758237056,0.06291882187380013,0.6388183015706682,0.5452006789386162,0.5592314930075354,0.5457342888217013,0.5588731041388969
UNH,10,Random Forest,1231,0.5077054738158718,0.05514209505471083,0.5581907007914726,0.5832385813757568,0.4328381969904099,0.5483266260146533,0.5071432139113229
UNH,10,XGBoost,1231,0.5687107073499885,0.05223607361212098,0.5945199359360752,0.6349380718194244,0.4665963122696487,0.599488011068134,0.5507562497754275
UNH,10,Gradient Boosting,1231,0.5524077548467792,0.04095264559649362,0.5858698925128153,0.6330209705829615,0.4424163456161064,0.5929879287537085,0.5536589195906382
UNH,10,LightGBM,1231,0.5963299430565155,0.05900256685930479,0.611769175156344,0.7022295737445059,0.44350070035626266,0.6355542193691402,0.55539786988009
UNH,10,CatBoost,1231,0.5491820545735822,0.02592264498807406,0.5883485092804983,0.5645022549094947,0.5177118286418525,0.5439789466562235,0.5659877575181361
UNH,15,Random Forest,1231,0.5857048813403114,0.05618895306058146,0.6197445668550564,0.6792133474344415,0.46182908251019705,0.6295400407481694,0.5816165596190201
UNH,15,XGBoost,1231,0.586567262433758,0.056253584146723615,0.5954715486288055,0.6653135702534791,0.43213130866381644,0.6114172812183207,0.5687969619528517
UNH,15,Gradient Boosting,1231,0.5759553668411177,0.06967328947380236,0.6102924503727328,0.664045040123573,0.45689419627500116,0.6209846321188122,0.5825530930186842
UNH,15,LightGBM,1231,0.5955070603337612,0.05014669770874609,0.6067917559102254,0.6685754875736227,0.4628374858715416,0.6045875876823211,0.5933642857568662
UNH,15,CatBoost,1231,0.5727066258516837,0.052002681229491934,0.6149519492426314,0.6185363372640621,0.48681704260651626,0.5740437504731716,0.5910308569118001
PFE,1,Random Forest,1231,0.6304664099272571,0.07284362118305798,0.6276444938499617,0.6096061449620003,0.6636430003918122,0.6052796969067967,0.6895676622475339
PFE,1,XGBoost,1231,0.6068233435370791,0.06886054782138384,0.6135002497502497,0.5856153635534965,0.6403838341243727,0.5764399570594855,0.6580730256010155
PFE,1,Gradient Boosting,1231,0.6483032158256805,0.06209321044824571,0.6410891190333609,0.6352115995505235,0.6585653826702937,0.6286871932528557,0.6909190796819145
PFE,1,LightGBM,1231,0.6442283005826009,0.046639678650024496,0.638900211141042,0.675694626500053,0.6261922966235587,0.6391530275402711,0.7041700045850615
PFE,1,CatBoost,1231,0.690556597873671,0.042961029918491295,0.6564021870205909,0.6937934658734497,0.6646494183318687,0.6727957388765935,0.7189270398659404
PFE,2,Random Forest,1231,0.6206938547118265,0.067054603762093,0.6136163344081137,0.587846527673991,0.6593717200890079,0.5876178493911282,0.6739259546037827
PFE,2,XGBoost,1231,0.592238570158981,0.05915562045925343,0.5874592677663213,0.5263400378303719,0.6495732809266012,0.5364152321311593,0.6267328388146217
PFE,2,Gradient Boosting,1231,0.6125571903492314,0.05162296311732389,0.6090827299718038,0.6050095172189158,0.6308959152052456,0.5901744130494037,0.6669812360837575
PFE,2,LightGBM,1231,0.6271781705671307,0.03345997563590166,0.6157958357845168,0.5826753814402552,0.6525722883946476,0.584850933241405,0.674147935817184
PFE,2,CatBoost,1231,0.668631710608604,0.04345949923745222,0.6265691337307213,0.7032288093960901,0.6198064116388577,0.6620001143771296,0.7120117658091896
PFE,5,Random Forest,1231,0.6092557848655409,0.03598612313048831,0.597095380138249,0.6352107182898467,0.6025463522815981,0.6002664563164412,0.6347302895143195
PFE,5,XGBoost,1231,0.5653829696191699,0.07363601263790072,0.5713140839194534,0.5258138137109442,0.6197651657086084,0.5234003920299954,0.6077326398572127
PFE,5,Gradient Boosting,1231,0.5905993877752541,0.04514416034586726,0.5833715602455374,0.5923883585218996,0.6052162976367894,0.5697577964679809,0.6285393109725728
PFE,5,LightGBM,1231,0.614940258714328,0.04635817978213448,0.5961761674680336,0.6167762631571809,0.6059974487261373,0.5953148177921442,0.6304377063314468
PFE,5,CatBoost,1231,0.622309996379316,0.03371947352539725,0.583625224959325,0.6647629520043448,0.5712705947058405,0.6185002022786692,0.6587880587389577
PFE,10,Random Forest,1231,0.5800401566768704,0.09252823336645094,0.5608303191061811,0.48067107029186673,0.7188206923324053,0.4282082814438387,0.6389928737112326
PFE,10,XGBoost,1231,0.584121654981732,0.09569009602665449,0.5628337643352784,0.4588538003473695,0.7101130015349467,0.4656141748814243,0.6252485222035131
PFE,10,Gradient Boosting,1231,0.6036535992890293,0.08408429288988734,0.561258329685296,0.5631623473673886,0.6588245252373813,0.5341098055238807,0.6579198249177616
PFE,10,LightGBM,1231,0.5938711694809256,0.08059136265799248,0.557093159844583,0.49186781199577423,0.70596287124295,0.4740754238290207,0.6444995941347258
PFE,10,CatBoost,1231,0.6003719429906849,0.057142637556911784,0.5309850496484063,0.5765744974689322,0.6222686246162633,0.524452098527715,0.635661536061673
PFE,15,Random Forest,1231,0.5556663704288864,0.07484924933247664,0.47952304066071133,0.41542465066178746,0.6939465872204695,0.38829775014096557,0.6209428121937811
PFE,15,XGBoost,1231,0.5596984957703828,0.058497255720139904,0.5322965193271428,0.405073930343854,0.6996850238774159,0.4011675763453386,0.6132738837934562
PFE,15,Gradient Boosting,1231,0.5792337316085712,0.03702386840266299,0.5825998822080354,0.47717794730292706,0.6969616707832899,0.4374411042723664,0.6773396503234086
PFE,15,LightGBM,1231,0.5824396826964222,0.04684418068617699,0.514151972583521,0.43394626019979043,0.708006128436642,0.42440058845964457,0.6636277602582539
PFE,15,CatBoost,1231,0.5532405121622066,0.05156267240650797,0.48021240555855177,0.5581464835008091,0.5582342443098856,0.4840278597121698,0.607188260466266
ABBV,1,Random Forest,1231,0.6263882031532866,0.04792449716401333,0.6795685631039239,0.6927309872355482,0.5435607788588367,0.6726897151005634,0.692454043767009
ABBV,1,XGBoost,1231,0.5849247885191402,0.06321329451567295,0.6859120410733314,0.5474048285950243,0.6548264400358385,0.5860662697510095,0.6400906280725204
ABBV,1,Gradient Boosting,1231,0.6418024423159212,0.04550652034260027,0.7273617378855312,0.631852687036761,0.6615331193055337,0.6566675747623907,0.6853188317203757
ABBV,1,LightGBM,1231,0.6101280405516605,0.03480837041485426,0.7002372520379747,0.5788916606222361,0.6566745936943986,0.6197832597289705,0.6639796251780437
ABBV,1,CatBoost,1231,0.7003489022744478,0.0694946036000223,0.7696199444114433,0.6850016281346522,0.7192450270354477,0.7212179921924852,0.7391870762396457
ABBV,2,Random Forest,1231,0.5962904446858234,0.025698793483176722,0.6528472505480398,0.6559321874706491,0.5247658053159728,0.6389814003468214,0.6552902634470577
ABBV,2,XGBoost,1231,0.5686350021394951,0.0355682675782231,0.6550040529942742,0.5805492940108324,0.5706406826138795,0.5910530686468446,0.6180212550680382
ABBV,2,Gradient Boosting,1231,0.5881636549159014,0.03772603462611383,0.6644604563389946,0.5957504461350615,0.58182907101969,0.6092129901921824,0.6345207361947558
ABBV,2,LightGBM,1231,0.5897830881142819,0.04559199066001594,0.6805106398087403,0.5888439623055008,0.6031195141581316,0.6006579153830417,0.6471792006701398
ABBV,2,CatBoost,1231,0.6605180869622461,0.05490108809067813,0.7256909513954658,0.652863560940484,0.663913622897929,0.6800679653502881,0.7006721453796881
ABBV,5,Random Forest,1231,0.5662683914288535,0.04095090215022762,0.6284370425986366,0.6389446546550206,0.4923707627569057,0.6078022965526468,0.5955456164394451
ABBV,5,XGBoost,1231,0.5321220499654389,0.03890520228903594,0.6438539363141491,0.5217146340671077,0.5745368215844826,0.5242310590149236,0.5736087908821614
ABBV,5,Gradient Boosting,1231,0.5532372206313156,0.05415859702419906,0.6634841496105233,0.5235703998332393,0.6015869092170946,0.550871525853319,0.5722270458698041
ABBV,5,LightGBM,1231,0.5597610348573121,0.036657709340270433,0.6735206659282363,0.5319379319773194,0.6204052376801715,0.5471119927119876,0.5874252786397075
ABBV,5,CatBoost,1231,0.6077416806556729,0.07216048973981831,0.6984757100499118,0.5830334857461528,0.6399087669873195,0.6155764760618655,0.6543503310342583
ABBV,10,Random Forest,1231,0.5605707514565024,0.052094020282915286,0.6243544408777897,0.6151092041235704,0.5350995848735137,0.5847309499148841,0.6023833313535457
ABBV,10,XGBoost,1231,0.5280603008459235,0.06869570934070605,0.6065560678962845,0.4946666076028863,0.6085111189229127,0.49554236370786703,0.5945045533996518
ABBV,10,Gradient Boosting,1231,0.5354102893255653,0.09284637686247509,0.633238502861069,0.4754624415236533,0.6346178711903063,0.5138573687128255,0.5602266825895034
ABBV,10,LightGBM,1231,0.5467825285540304,0.06662528460696925,0.6264580336526526,0.48606216532304575,0.6473366690961109,0.505243462959301,0.565778342159965
ABBV,10,CatBoost,1231,0.5817418781475264,0.08461926382615453,0.6721832432271049,0.5457909513861298,0.6410920148743363,0.56514763873897,0.6007857581330664
ABBV,15,Random Forest,1231,0.5581185609426944,0.058742474228563095,0.6261067023894763,0.6276768588137009,0.5049262151942424,0.5927371359992757,0.5922845027233645
ABBV,15,XGBoost,1231,0.5377801915670979,0.048403354113744856,0.6355795888572651,0.5213435710488342,0.5871317656387732,0.532887675833802,0.5873979650484118
ABBV,15,Gradient Boosting,1231,0.5231756690036536,0.05945843066852163,0.6073775776601029,0.5287045188729399,0.5536273947503146,0.5352807646568617,0.5718239379623637
ABBV,15,LightGBM,1231,0.54348112307034,0.05943935122911587,0.6253121279581028,0.5277709728867623,0.591458387063248,0.5408128545900002,0.5715260211484202
ABBV,15,CatBoost,1231,0.559728119548402,0.06829335239821338,0.679293301843673,0.5110833447254499,0.6471780086506767,0.5383630216352197,0.5700407449546121
TMO,1,Random Forest,1231,0.6491228070175439,0.07820362298663705,0.6427486164059519,0.7208243989944569,0.4969836678527627,0.6785105428622351,0.6617589247325805
TMO,1,XGBoost,1231,0.6084329021427867,0.04099805488055914,0.6468104632393143,0.5929462177576762,0.5745326605117446,0.6146263294830275,0.6177459990804273
TMO,1,Gradient Boosting,1231,0.6369013528191962,0.08839366134527532,0.6773714186142983,0.583055283007208,0.6329494642873654,0.6153072617358633,0.6652902600307395
TMO,1,LightGBM,1231,0.6523090089200487,0.07385365099995175,0.6796506778305388,0.635852942968311,0.6087374652033866,0.6520785884603505,0.6763330083547526
TMO,1,CatBoost,1231,0.676742042724071,0.08190137901110647,0.6995105390056183,0.6583454005207277,0.6422723255828198,0.6764614451168824,0.7043616616455858
TMO,2,Random Forest,1231,0.6052467002402818,0.07826744911717871,0.6060645982563958,0.6852584291494435,0.43994614183010156,0.6401261857235119,0.6030764531896391
TMO,2,XGBoost,1231,0.5897238405582437,0.0790491371118916,0.6391308483234363,0.5321967518281199,0.5990012555355445,0.5670627835333717,0.5831882842560928
TMO,2,Gradient Boosting,1231,0.5889207070208353,0.10032936090855121,0.6300459736933236,0.5479384455833279,0.5832858415423312,0.5761527525044873,0.6021691163907829
TMO,2,LightGBM,1231,0.6205687765379678,0.09872101822046855,0.6690751435367984,0.5844459448506115,0.5906671558240717,0.608704599249313,0.6131200984617479
TMO,2,CatBoost,1231,0.6263388301899214,0.07062801487096954,0.6530034412365121,0.6170669607952751,0.5763269470853741,0.6316002831722501,0.6638935284452455
TMO,5,Random Forest,1231,0.542724070965406,0.10225292997431201,0.5418876235743713,0.59062367571419,0.41357140286016214,0.5551231313277285,0.5088229544288579
TMO,5,XGBoost,1231,0.5751357756492546,0.07227714355902516,0.6078572810020673,0.5068050065638258,0.592409356803213,0.5319790785856665,0.5559921118355928
TMO,5,Gradient Boosting,1231,0.582436391165531,0.05693190199473045,0.6245224178076471,0.5228501349531797,0.5598605771671898,0.539326356130724,0.5651165626240614
TMO,5,LightGBM,1231,0.562943945228926,0.08738179852655772,0.584570317145438,0.5309545157724157,0.5168350633156111,0.5332072296815658,0.5377422495035115
TMO,5,CatBoost,1231,0.5686613343866231,0.04399660813584088,0.5923498781845743,0.5045990230699255,0.5772501184165579,0.5356331578311891,0.5544059400617305
TMO,10,Random Forest,1231,0.5524472532174715,0.08466394243402121,0.5659352169353896,0.587616516997288,0.44839925306759804,0.5602135838537661,0.5184566377418699
TMO,10,XGBoost,1231,0.5718705770053651,0.08069815010734505,0.5959837475246494,0.5555721143229297,0.5035913715612834,0.5428220552717514,0.5147921057439928
TMO,10,Gradient Boosting,1231,0.5840920312037129,0.06658146209826621,0.5999673640182379,0.5339077615609484,0.5520775222675646,0.5386581398754143,0.5369619823382389
TMO,10,LightGBM,1231,0.5483460057272638,0.0921148428731279,0.5496853085219715,0.5255680221813026,0.48156195081737724,0.5163507469659478,0.5077433715033998
TMO,10,CatBoost,1231,0.5783779335769067,0.08190846194047943,0.5788965475464282,0.4859308190402146,0.5734698048844279,0.49890506974064025,0.520156710214418
TMO,15,Random Forest,1231,0.5882163194101577,0.09853038444304729,0.5961005927478825,0.6334437293119928,0.470918695052114,0.5957174712603922,0.5758536307531632
TMO,15,XGBoost,1231,0.5938283795793423,0.08357225219446615,0.6456032882006475,0.5631996482894687,0.5652082238329172,0.5593695810801919,0.5732943833247145
TMO,15,Gradient Boosting,1231,0.6027583028866725,0.08923762780207092,0.6686458457330635,0.5376084098838589,0.5918350147863969,0.5530769456704363,0.5692156977860053
TMO,15,LightGBM,1231,0.6100655014647313,0.08530075202627763,0.6659166442577547,0.5846271928307856,0.559611491279621,0.5834798793276731,0.5511785470170514
TMO,15,CatBoost,1231,0.5987788420394325,0.106421745005484,0.560556107299571,0.5119337578020213,0.6167154049481764,0.5168553321078768,0.5530631125226165
